<?xml version="1.0" encoding="UTF-8"?>
<!DOCTYPE mapper PUBLIC "-//mybatis.org//DTD Mapper 3.0//EN" "http://mybatis.org/dtd/mybatis-3-mapper.dtd">
<mapper namespace="com.uponly.original.mapper.UserMapper">
    <resultMap id="UserMap" type="com.uponly.original.vo.UserInfoVO">
        <id column="user_id" jdbcType="BIGINT" property="userId"/>
        <result column="location" jdbcType="INTEGER" property="location"/>
        <result column="user_name" jdbcType="VARCHAR" property="userName"/>
        <result column="currency" jdbcType="VARCHAR" property="currency"/>
        <result column="nick_name" jdbcType="VARCHAR" property="nickName"/>
        <result column="vip" jdbcType="INTEGER" property="vip"/>
        <result column="star" jdbcType="INTEGER" property="star"/>
        <result column="avatar" jdbcType="VARCHAR" property="avatar"/>
        <result column="test_tag" jdbcType="VARCHAR" property="testTag"/>
        <result column="updated_at" jdbcType="TIMESTAMP" property="updatedAt"/>
    </resultMap>

    <sql id="User_Column_List">
        user_id,
        location,
        user_name,
        currency,
        nick_name,
        vip,
        star,
        avatar,
        test_tag,
        updated_at
    </sql>

    <select id="selectById" resultMap="UserMap">
        SELECT
            <include refid="User_Column_List" />
        FROM
        original_user
        WHERE
            user_id = #{userId}
    </select>

    <select id="selectByName" resultMap="UserMap">
        SELECT
            <include refid="User_Column_List" />
        FROM
        original_user
        WHERE
            user_name = #{userName}
    </select>

    <insert id="add" parameterType="com.uponly.original.vo.UserInfoVO">
        INSERT INTO original_user (
            user_id,
            location,
            user_name,
            currency,
            nick_name,
            vip,
            star,
            avatar,
            test_tag
        ) VALUES (
            #{userId},
            #{location},
            #{userName},
            #{currency},
            #{nickName},
            #{vip},
            #{star},
            #{avatar},
            #{testTag}
        )
    </insert>

    <update id="update" parameterType="com.uponly.original.vo.UserInfoVO">
        UPDATE original_user
        SET
            vip = #{vip},
            star = #{star},
            avatar = #{avatar},
            test_tag = #{testTag}
        WHERE
            user_id = #{userId}
    </update>

</mapper>
