<?xml version="1.0" encoding="UTF-8"?>
<!DOCTYPE mapper PUBLIC "-//mybatis.org//DTD Mapper 3.0//EN" "http://mybatis.org/dtd/mybatis-3-mapper.dtd">
<mapper namespace="com.uponly.casino.mapper.BigWinsConfMapper">


    <resultMap id="BaseResultMap" type="com.uponly.casino.admin.vo.BigWinsConfVO">
        <result property="id" column="id" jdbcType="INTEGER"/>
        <result property="currency" column="currency" jdbcType="VARCHAR"/>
        <result property="minAmount" column="min_amount" jdbcType="DECIMAL"/>
        <result property="multiplier" column="multiplier" jdbcType="DECIMAL"/>
        <result property="createTime" column="create_time" jdbcType="TIMESTAMP"/>
        <result property="creator" column="creator" jdbcType="VARCHAR"/>
        <result property="updateTime" column="update_time" jdbcType="TIMESTAMP"/>
        <result property="updater" column="updater" jdbcType="VARCHAR"/>
    </resultMap>

    <sql id="Bigwins_Conf_Column_List">
        id,
        currency,
        min_amount,
        multiplier
    </sql>

    <!--查询单个-->
    <select id="queryById" resultMap="BaseResultMap">
        select id,
               currency,
               min_amount,
               multiplier,
               create_time,
               creator,
               update_time,
               updater
        from casino_bigwins_conf
        where id = #{id}
    </select>

    <!--统计总行数-->
    <select id="count" resultType="java.lang.Long">
        select count(1)
        from casino_bigwins_conf
        <where>
            <if test="id != null">
                and id = #{id}
            </if>
            <if test="currency != null and currency != ''">
                and currency = #{currency}
            </if>
            <if test="minAmount != null">
                and min_amount = #{minAmount}
            </if>
            <if test="multiplier != null">
                and multiplier = #{multiplier}
            </if>
            <if test="createTime != null">
                and create_time = #{createTime}
            </if>
            <if test="creator != null and creator != ''">
                and creator = #{creator}
            </if>
            <if test="updateTime != null">
                and update_time = #{updateTime}
            </if>
            <if test="updater != null and updater != ''">
                and updater = #{updater}
            </if>
        </where>
    </select>

    <select id="list" resultMap="BaseResultMap">
        select id,
        currency,
        min_amount,
        multiplier,
        create_time,
        creator,
        update_time,
        updater
        from casino_bigwins_conf
        <where>
            <if test="id != null">
                and id = #{id}
            </if>
            <if test="currency != null and currency != ''">
                and currency = #{currency}
            </if>
            <if test="minAmount != null">
                and min_amount = #{minAmount}
            </if>
            <if test="multiplier != null">
                and multiplier = #{multiplier}
            </if>
            <if test="createTime != null">
                and create_time = #{createTime}
            </if>
            <if test="creator != null and creator != ''">
                and creator = #{creator}
            </if>
            <if test="updateTime != null">
                and update_time = #{updateTime}
            </if>
            <if test="updater != null and updater != ''">
                and updater = #{updater}
            </if>
        </where>
    </select>
    <select id="getOneByCurrency" resultMap="BaseResultMap">
        select id,
               currency,
               min_amount,
               multiplier
        from casino_bigwins_conf
        where currency = #{currency}
    </select>

    <!--新增所有列-->
    <insert id="save" keyProperty="id" useGeneratedKeys="true">
        insert into casino_bigwins_conf(currency, min_amount, multiplier, creator, updater)
        values (#{currency}, #{minAmount}, #{multiplier}, #{creator}, #{updater})
    </insert>

    <!--通过主键修改数据-->
    <update id="edit">
        update casino_bigwins_conf
        <set>
            <if test="currency != null and currency != ''">
                currency = #{currency},
            </if>
            <if test="minAmount != null">
                min_amount = #{minAmount},
            </if>
            <if test="multiplier != null">
                multiplier = #{multiplier},
            </if>
            <if test="createTime != null">
                create_time = #{createTime},
            </if>
            <if test="creator != null and creator != ''">
                creator = #{creator},
            </if>
            <if test="updateTime != null">
                update_time = #{updateTime},
            </if>
            <if test="updater != null and updater != ''">
                updater = #{updater},
            </if>
        </set>
        where id = #{id}
    </update>

    <!--通过主键删除-->
    <delete id="delete">
        delete
        from casino_bigwins_conf
        where id = #{id}
    </delete>

    <select id="selectAll" resultMap="BaseResultMap">
        SELECT
        <include refid="Bigwins_Conf_Column_List" />
        FROM
        casino_bigwins_conf
    </select>

</mapper>

