<?xml version="1.0" encoding="UTF-8"?>
<!DOCTYPE mapper PUBLIC "-//mybatis.org//DTD Mapper 3.0//EN" "http://mybatis.org/dtd/mybatis-3-mapper.dtd">


<mapper namespace="com.uponly.casino.mapper.EntranceMapper">

    <resultMap id="entryMap" type="com.uponly.casino.admin.vo.EntryVO">
        <result property="eid" column="eid" jdbcType="INTEGER"/>
        <result property="pid" column="pid" jdbcType="INTEGER"/>
        <result property="gameId" column="game_id" jdbcType="INTEGER"/>
        <result property="providerName" column="provider_name" jdbcType="VARCHAR"/>
        <result property="ename" column="ename" jdbcType="VARCHAR"/>
        <result property="gameType" column="game_type" jdbcType="VARCHAR"/>
        <result property="regions" column="regions" jdbcType="VARCHAR"/>

        <result property="icon" column="icon" jdbcType="VARCHAR"/>
        <result property="addition" column="addition" jdbcType="VARCHAR"/>

        <result property="mainEntry" column="main_entry" jdbcType="VARCHAR"/>
        <result property="promotion" column="promotion" jdbcType="TINYINT"/>
        <result property="sort" column="sort" jdbcType="INTEGER"/>
        <result property="status" column="status" jdbcType="TINYINT"/>
        <result property="favoriteCount" column="favorite_count" jdbcType="INTEGER"/>
        <result property="version" column="version" jdbcType="INTEGER"/>
    </resultMap>

    <resultMap id="entryMap2" type="com.uponly.casino.admin.vo.EntrySearchVO">
        <result property="eid" column="eid" jdbcType="INTEGER"/>
        <result property="pid" column="pid" jdbcType="INTEGER"/>
        <result property="gameId" column="game_id" jdbcType="INTEGER"/>
        <result property="providerName" column="provider_name" jdbcType="VARCHAR"/>
        <result property="ename" column="ename" jdbcType="VARCHAR"/>
        <result property="gameType" column="game_type" jdbcType="VARCHAR"/>
        <result property="regions" column="regions" jdbcType="VARCHAR"/>

        <result property="icon" column="icon" jdbcType="VARCHAR"/>
        <result property="addition" column="addition" jdbcType="VARCHAR"/>

        <result property="mainEntry" column="main_entry" jdbcType="VARCHAR"/>
        <result property="promotion" column="promotion" jdbcType="TINYINT"/>
        <result property="sort" column="sort" jdbcType="INTEGER"/>
        <result property="status" column="status" jdbcType="TINYINT"/>
        <result property="favoriteCount" column="favorite_count" jdbcType="INTEGER"/>
    </resultMap>

    <resultMap id="entryMap3" type="com.uponly.casino.admin.vo.EntryFrontVO">
        <result property="providerName" column="provider_name" jdbcType="VARCHAR"/>
        <result property="eid" column="eid" jdbcType="INTEGER"/>
        <result property="pid" column="pid" jdbcType="INTEGER"/>
        <result property="gameId" column="game_id" jdbcType="INTEGER"/>
        <result property="gameName" column="game_name" jdbcType="VARCHAR"/>
        <result property="gameType" column="game_type" jdbcType="VARCHAR"/>
        <result property="icon" column="icon" jdbcType="VARCHAR"/>
        <result property="addition" column="addition" jdbcType="VARCHAR"/>
        <result property="mainEntry" column="main_entry" jdbcType="VARCHAR"/>
        <result property="promotion" column="promotion" jdbcType="TINYINT"/>

        <result property="sort" column="sort" jdbcType="INTEGER"/>
        <result property="createAt" column="create_at" jdbcType="TIMESTAMP"/>
        <result property="status" column="status" jdbcType="TINYINT"/>

    </resultMap>

    <resultMap id="favoriteCountMap" type="com.uponly.casino.admin.vo.FavoriteCountVO">
        <result property="eid" column="eid"/>
        <result property="favoriteCount" column="favorite_count"/>
    </resultMap>

    <!--插入数据后返回主键-->
    <insert id="addGameEntrance" parameterType="com.uponly.casino.admin.dto.AddGameEntranceDTO" useGeneratedKeys="true"
            keyProperty="eid">
        INSERT INTO casino_game_entrance(ename,game_id,game_type,pid,main_entry,addition,icon,promotion,sort,status)
        VALUES (#{ename}, #{gameId},#{gameType},#{pid}, #{mainEntry}, #{addition},
        <if test="icon == null or icon == ''">
            null,
        </if>
        <if test="icon != null and icon != ''">
            #{icon},
        </if>

        #{promotion}, #{sort}, #{status})
    </insert>

    <!--插入数据后返回主键-->
    <insert id="addGameRegion" useGeneratedKeys="true" keyColumn="id" keyProperty="id">
        INSERT INTO casino_game_region(eid, region)
        VALUES (#{eid}, #{region})
    </insert>
    <select id="getRecommendByEid" resultType="java.lang.Integer">
        SELECT COUNT(1)
        FROM casino_recommend
        WHERE eid = #{eid}
    </select>

    <select id="searchAllGameEid" parameterType="java.lang.String" resultType="java.lang.Long">
        SELECT eid
        FROM casino_game_entrance
        WHERE (game_type IS NOT NULL AND game_type != '')
          AND main_entry = #{mainEntry}
    </select>

    <select id="searchAddition" resultType="java.lang.Integer">
        SELECT COUNT(1)
        FROM casino_game_entrance
        WHERE addition = #{addition}
    </select>
    <select id="searchEname" resultType="java.lang.Integer">
        SELECT COUNT(1)
        FROM casino_game_entrance
        WHERE ename = #{ename}
          and pid = #{pid}
    </select>

    <select id="searchEnameProvider" parameterType="com.uponly.casino.admin.dto.SearchEnameDTO" resultType="java.lang.Integer">
        SELECT COUNT(1)
        FROM casino_game_entrance
        left join casino_provider cp on
            casino_game_entrance.pid = cp.pid
        WHERE ename = #{ename}
          and cp.provider_name = #{providerName}
    </select>

    <update id="editGameEntrance">
        UPDATE casino_game_entrance
        SET ename      = COALESCE(#{ename}, ename),
            game_id    = COALESCE(#{gameId}, game_id),
            game_type  = COALESCE(#{gameType}, game_type),
            main_entry = COALESCE(#{mainEntry}, main_entry),
            addition   = COALESCE(#{addition}, addition),
            icon       = COALESCE(#{icon}, icon),
            promotion  = COALESCE(#{promotion}, promotion),
            sort       = COALESCE(#{sort}, sort),
            status     = COALESCE(#{status}, status),
            version    = version + 1
        WHERE eid = #{eid}
    </update>

    <update id="batchSort" parameterType="com.uponly.casino.admin.dto.BatchSortDTO">
        UPDATE casino_game_entrance
        SET SORT = #{sort}
        WHERE eid = #{eid};
    </update>


    <delete id="deleteGameEntrance">
        DELETE
        FROM casino_game_entrance
        WHERE eid = #{eid}
    </delete>
    <delete id="deleteGameRegion">
        DELETE
        FROM casino_game_region
        WHERE eid = #{eid}
    </delete>

    <select id="getEntryByEid" resultMap="entryMap">
        SELECT eid,
               pid,
               game_id,
               ename,
               game_type,
               icon,
               addition,
               main_entry,
               promotion,
               sort,
               status
        FROM casino_game_entrance
        WHERE eid = #{eid}
    </select>

    <select id="getPidByEid" resultType="java.lang.Long">
        SELECT pid
        FROM casino_game_entrance
        WHERE eid = #{eid}
    </select>


    <select id="getEntryByEid2" parameterType="java.util.Map" resultMap="entryMap3">
        SELECT cp.provider_name,
               ce.eid,
               cp.pid,
               ce.game_id,
               ce.ename,
               ce.game_type,
               ce.icon,
               ce.addition,
               ce.main_entry,
               ce.promotion,
               ce.sort,
               cf.create_at,
               ce.status
        FROM casino_game_entrance ce
                 JOIN
             casino_provider cp ON ce.pid = cp.pid
                 LEFT JOIN
             casino_game_region cgr ON ce.eid = cgr.eid
                 LEFT JOIN
             casino_favorite cf ON ce.eid = cf.eid AND cf.user_id = #{uid}
        WHERE cgr.region = #{region}
          AND ce.eid = #{eid}
          AND ce.status = 1
    </select>


    <select id="getEntryByEid3" parameterType="java.util.Map" resultMap="entryMap3">
        SELECT cp.provider_name,
               ce.eid,
               ce.ename,
               ce.game_type,
               cf.create_at,
               cf.user_id,
               ce.status
        FROM casino_game_entrance ce
                 JOIN
             casino_provider cp ON ce.pid = cp.pid
                 LEFT JOIN
             casino_game_region cgr ON ce.eid = cgr.eid
                 LEFT JOIN
             casino_favorite cf ON ce.eid = cf.eid AND cf.user_id = #{uid}
        WHERE cgr.region = #{region}
          AND ce.ename = #{gameName}
          AND ce.game_type = #{gameType}
          AND cp.provider_name = #{providerName}
          AND ce.status = 1
    </select>


    <select id="searchGameEntrance" parameterType="com.uponly.casino.admin.dto.SearchGameEntranceDTO"
            resultMap="entryMap">
        SELECT cp.provider_name,
        ce.eid,
        cp.pid,
        ce.game_id,
        CONCAT('[', GROUP_CONCAT(DISTINCT cgr.region), ']') AS regions,
        ce.ename,
        ce.game_type,
        ce.icon,
        ce.addition,
        ce.main_entry,
        ce.promotion,
        ce.sort,
        ce.status,
        null AS favorite_count
        FROM casino_game_entrance ce
        JOIN
        casino_provider cp ON ce.pid = cp.pid
        LEFT JOIN
        casino_game_region cgr ON ce.eid = cgr.eid
        <where>
            <!-- 根据前端传递的条件进行动态查询 -->
            <if test="providerName != null and providerName != ''">
                AND cp.provider_name = #{providerName}
            </if>
            <if test="status != null">
                AND ce.status = #{status}
            </if>
            <if test="promotion != null">
                AND ce.promotion = #{promotion}
            </if>
            <if test="gameType != null and gameType != ''">
                AND ce.game_type = #{gameType}
            </if>
            <if test="addition != null and addition != ''">
                AND ce.addition = #{addition}
            </if>
            <if test="eid != null and eid != ''">
                AND ce.eid = #{eid}
            </if>
            <if test="ename != null and ename != ''">
                AND ce.ename LIKE CONCAT('%', #{ename}, '%')
            </if>
            <if test="mainEntry != null and mainEntry != ''">
                AND ce.main_entry = #{mainEntry}
            </if>
            <if test="region != null">
                AND cgr.region = #{region}
            </if>
        </where>
        GROUP BY ce.eid
        order by ce.sort
    </select>
    <select id="getFavoriteCount" resultMap="favoriteCountMap">
        SELECT eid, COUNT(eid) AS favorite_count
        FROM casino_favorite
        WHERE eid = #{eid}  <!-- 使用传入的参数 -->
        GROUP BY eid
    </select>

    <select id="listFavoriteGamesByRegion" parameterType="java.util.Map" resultMap="entryMap3">
        SELECT cp.provider_name,
        ce.eid,
        cp.pid,
        ce.game_id,
        ce.ename AS game_name,
        ce.game_type,
        ce.icon,
        ce.addition,
        ce.main_entry,
        ce.promotion,
        ce.sort,
        cf.create_at,
        ce.status
        FROM casino_game_entrance ce
        JOIN
        casino_provider cp ON ce.pid = cp.pid
        LEFT JOIN
        casino_game_region cgr ON ce.eid = cgr.eid
        LEFT JOIN
        casino_favorite cf ON ce.eid = cf.eid AND cf.user_id = #{uid}
        WHERE cgr.region = #{region}
        <if test="pids != null and pids != ''">
            AND ce.pid IN
            <foreach collection="pids.split(',')" item="id" separator="," open="(" close=")">
                #{id}
            </foreach>
        </if>
        AND ce.status = 1
        GROUP BY ce.eid
        ORDER BY cf.create_at DESC
    </select>

    <select id="listEntryGamesByGameType" parameterType="java.util.Map" resultMap="entryMap3">
        SELECT cp.provider_name,
        ce.eid,
        cp.pid,
        ce.game_id,
        ce.ename AS game_name,
        ce.game_type,
        ce.icon,
        ce.addition,
        ce.main_entry,
        ce.promotion,
        ce.sort,
        cf.create_at,
        ce.status
        FROM casino_game_entrance ce
        JOIN
        casino_provider cp ON ce.pid = cp.pid
        LEFT JOIN
        casino_game_region cgr ON ce.eid = cgr.eid
        LEFT JOIN
        casino_favorite cf ON ce.eid = cf.eid AND cf.user_id = #{uid}
        WHERE cgr.region = #{region} AND ce.game_type = #{gameType}
        <if test="pids != null and pids != ''">
            AND ce.pid IN
            <foreach collection="pids.split(',')" item="id" separator="," open="(" close=")">
                #{id}
            </foreach>
        </if>
        AND ce.status = 1
        GROUP BY ce.eid
        ORDER BY ce.sort ASC
    </select>

    <select id="listEntryGamesByAll" parameterType="java.util.Map" resultMap="entryMap3">
        SELECT cp.provider_name,
        ce.eid,
        cp.pid,
        ce.game_id,
        ce.ename AS game_name,
        ce.game_type,
        ce.icon,
        ce.addition,
        ce.main_entry,
        ce.promotion,
        ce.sort,
        cf.create_at,
        ce.status
        FROM casino_game_entrance ce
        JOIN
        casino_provider cp ON ce.pid = cp.pid
        LEFT JOIN
        casino_game_region cgr ON ce.eid = cgr.eid
        LEFT JOIN
        casino_favorite cf ON ce.eid = cf.eid AND cf.user_id = #{uid}
        WHERE cgr.region = #{region}
        <if test="pids != null and pids != ''">
            AND ce.pid IN
            <foreach collection="pids.split(',')" item="id" separator="," open="(" close=")">
                #{id}
            </foreach>
        </if>
        AND ce.status = 1
        /* 去掉入口类型为lobby game_type 为空的数据
        */
        AND (ce.main_entry != 'lobby' OR (ce.main_entry = 'lobby' AND (ce.game_type IS NULL OR ce.game_type = '')))
        GROUP BY ce.eid
        ORDER BY ce.sort ASC
    </select>

    <select id="listEntryGamesByRecommend" parameterType="java.util.Map" resultMap="entryMap3">
        SELECT cp.provider_name,
               ce.eid,
               cp.pid,
               ce.game_id,
               ce.ename AS game_name,
               ce.game_type,
               ce.icon,
               ce.addition,
               ce.main_entry,
               ce.promotion,
               cr.sort,
               cf.create_at,
               ce.status
        FROM casino_game_entrance ce
                 JOIN
             casino_provider cp ON ce.pid = cp.pid
                 JOIN casino_recommend cr ON ce.eid = cr.eid
                 LEFT JOIN
             casino_game_region cgr ON ce.eid = cgr.eid
                 LEFT JOIN
             casino_favorite cf ON ce.eid = cf.eid AND cf.user_id = #{uid}
        WHERE cgr.region = #{region}
          AND ce.status = 1
          AND cr.status = 1
          AND ((cr.time_limit = 1 AND cr.start &lt;= NOW() AND cr.end &gt;= NOW()) OR cr.time_limit = 0)
        GROUP BY ce.eid
        ORDER BY cr.sort ASC
    </select>

    <select id="listEntryGamesByPromotion" parameterType="java.util.Map" resultMap="entryMap3">
        SELECT cp.provider_name,
        ce.eid,
        cp.pid,
        ce.game_id,
        ce.ename AS game_name,
        ce.game_type,
        ce.icon,
        ce.addition,
        ce.main_entry,
        ce.promotion,
        ce.sort,
        cf.create_at,
        ce.status
        FROM casino_game_entrance ce
        JOIN
        casino_provider cp ON ce.pid = cp.pid
        LEFT JOIN
        casino_game_region cgr ON ce.eid = cgr.eid
        LEFT JOIN
        casino_favorite cf ON ce.eid = cf.eid AND cf.user_id = #{uid}
        WHERE cgr.region = #{region}
        <if test="pids != null and pids != ''">
            AND ce.pid IN
            <foreach collection="pids.split(',')" item="id" separator="," open="(" close=")">
                #{id}
            </foreach>
        </if>
        AND ce.status = 1
        AND ce.promotion = 1
        GROUP BY ce.eid
        ORDER BY ce.sort ASC
    </select>

    <select id="selectAllEntrance" resultMap="entryMap">
        SELECT cp.provider_name,
               ce.eid,
               cp.pid,
               ce.game_id,
               CONCAT('[', GROUP_CONCAT(DISTINCT cgr.region), ']') AS regions,
               ce.ename,
               ce.game_type,
               ce.icon,
               ce.addition,
               ce.main_entry,
               ce.promotion,
               ce.sort,
               ce.status,
               ce.version,
               COUNT(cf.eid)                                       AS favorite_count
        FROM casino_game_entrance ce
                 JOIN
             casino_provider cp ON ce.pid = cp.pid
                 LEFT JOIN
             casino_game_region cgr ON ce.eid = cgr.eid
                 LEFT JOIN
             casino_favorite cf ON ce.eid = cf.eid
        GROUP BY ce.eid
    </select>

    <select id="selectAllEntranceByPid" resultMap="entryMap" parameterType="java.lang.Long">
        SELECT cp.provider_name,
               ce.eid,
               cp.pid,
               ce.game_id,
               CONCAT('[', GROUP_CONCAT(DISTINCT cgr.region), ']') AS regions,
               ce.ename,
               ce.game_type,
               ce.icon,
               ce.addition,
               ce.main_entry,
               ce.promotion,
               ce.sort,
               ce.status,
               ce.version,
               COUNT(cf.eid)                                       AS favorite_count
        FROM casino_game_entrance ce
                 JOIN
             casino_provider cp ON ce.pid = cp.pid
                 LEFT JOIN
             casino_game_region cgr ON ce.eid = cgr.eid
                 LEFT JOIN
             casino_favorite cf ON ce.eid = cf.eid
        WHERE cp.pid = #{pid}
        GROUP BY ce.eid
    </select>

</mapper>

