<?xml version="1.0" encoding="UTF-8" ?>
<!DOCTYPE mapper PUBLIC "-//mybatis.org//DTD Mapper 3.0//EN" "http://mybatis.org/dtd/mybatis-3-mapper.dtd" >
<mapper namespace="com.uponly.casino.mapper.FavoriteMapper" >
    <sql id="BASE_TABLE">
        casino_favorite
    </sql>

    <resultMap id="BaseResultMap" type="com.uponly.casino.portal.vo.FavoriteVO">
        <id property="userId" column="user_id" jdbcType="INTEGER"  />
        <result property="eid" column="eid" jdbcType="INTEGER"  />
        <result property="createAt" column="create_at" jdbcType="TIMESTAMP"  />
    </resultMap>

    <!--查询收藏的游戏-->
    <select id="searchUserFavorite"  resultMap="BaseResultMap">
        SELECT user_id,eid,create_at
        FROM
        casino_favorite
        WHERE user_id = #{userId}
        ORDER BY create_at DESC
    </select>

    <!--查询收藏的游戏-->
    <select id="searchIfGameCollected"  resultMap="BaseResultMap">
        SELECT user_id,eid
        FROM
        <include refid="BASE_TABLE"/>
        WHERE eid = #{eid} AND user_id = #{userId}
    </select>

    <!--查询指定用户是否收藏了某个入口-->
    <select id="exists" resultType="java.lang.Integer" parameterType="com.uponly.casino.portal.dto.FavoriteDTO">
        SELECT
            COUNT(1)
        FROM
        <include refid="BASE_TABLE"/>
        WHERE
        eid = #{eid} AND user_id = #{userId}
    </select>

    <insert id="add" parameterType="com.uponly.casino.portal.dto.FavoriteDTO" useGeneratedKeys="true" keyProperty="id">
        INSERT INTO
            casino_favorite (user_id, eid)
        VALUES (#{userId}, #{eid})
    </insert>

    <delete id="delete" parameterType="com.uponly.casino.portal.dto.FavoriteDTO">
        DELETE FROM casino_favorite
        WHERE
        eid = #{eid} AND user_id = #{userId}

    </delete>


</mapper>