<?xml version="1.0" encoding="UTF-8"?>
<!DOCTYPE mapper PUBLIC "-//mybatis.org//DTD Mapper 3.0//EN" "http://mybatis.org/dtd/mybatis-3-mapper.dtd">


<mapper namespace="com.uponly.casino.mapper.GameMapper">

    <resultMap id="gameMap" type="com.uponly.casino.admin.vo.GameVO">
        <result property="gameId" column="game_id" jdbcType="INTEGER"/>
        <result property="region" column="region" jdbcType="VARCHAR"/>
        <result property="pid" column="pid" jdbcType="INTEGER"/>

        <result property="pgameId" column="pgame_id" jdbcType="VARCHAR"/>
        <result property="pgameName" column="pgame_name" jdbcType="VARCHAR"/>
        <result property="gameNameEn" column="game_name_en" jdbcType="VARCHAR"/>
        <result property="nameEdit" column="name_edit" jdbcType="VARCHAR"/>

        <result property="pgameIcon" column="pgame_icon" jdbcType="VARCHAR"/>
        <result property="iconEdit" column="icon_edit" jdbcType="VARCHAR"/>
        <result property="minBet" column="min_bet" jdbcType="VARCHAR"/>

        <result property="maxBet" column="max_bet" jdbcType="VARCHAR"/>
        <result property="gameType" column="game_type" jdbcType="INTEGER"/>
        <result property="status" column="status" jdbcType="TINYINT"/>

        <result property="createTime" column="create_time" jdbcType="TIMESTAMP"/>
        <result property="updateTime" column="update_time" jdbcType="TIMESTAMP"/>
        <result property="sort" column="sort" jdbcType="INTEGER"/>

        <result property="tag" column="tag" jdbcType="VARCHAR"/>
        <result property="userFavoriteCount" column="user_favorite_count" jdbcType="INTEGER"/>
        <result property="name" column="name" jdbcType="VARCHAR"/>

    </resultMap>

    <resultMap id="gameMapPopular" type="com.uponly.casino.admin.vo.GameVO">
        <result property="gameId" column="game_id" jdbcType="INTEGER"/>
        <result property="region" column="region" jdbcType="VARCHAR"/>
        <result property="pid" column="pid" jdbcType="INTEGER"/>

        <result property="pgameId" column="pgame_id" jdbcType="VARCHAR"/>
        <result property="pgameName" column="pgame_name" jdbcType="VARCHAR"/>
        <result property="nameEdit" column="name_edit" jdbcType="VARCHAR"/>

        <result property="pgameIcon" column="pgame_icon" jdbcType="VARCHAR"/>
        <result property="iconEdit" column="icon_edit" jdbcType="VARCHAR"/>
        <result property="minBet" column="min_bet" jdbcType="VARCHAR"/>

        <result property="maxBet" column="max_bet" jdbcType="VARCHAR"/>
        <result property="gameType" column="game_type" jdbcType="INTEGER"/>
        <result property="status" column="status" jdbcType="TINYINT"/>

        <result property="createTime" column="create_time" jdbcType="TIMESTAMP"/>
        <result property="updateTime" column="update_time" jdbcType="TIMESTAMP"/>
        <result property="sort" column="sort" jdbcType="INTEGER"/>
        <result property="gameNameEn" column="game_name_en" jdbcType="VARCHAR"/>
        <result property="userCount7d" column="user_count_7d" jdbcType="INTEGER"/>

        <result property="tag" column="tag" jdbcType="VARCHAR"/>
        <result property="userFavoriteCount" column="user_favorite_count" jdbcType="INTEGER"/>
        <result property="name" column="name" jdbcType="VARCHAR"/>
        <result property="createAt" column="create_at" jdbcType="TIMESTAMP"/>

    </resultMap>

    <select id="getPidById"  resultType="java.lang.Integer">
        SELECT pid
        FROM casino_game_original
        WHERE id = #{id}
    </select>

    <select id="getInfo" resultMap="gameMap">
        SELECT *
        FROM casino_game_original
        WHERE id = #{gameId}
    </select>

    <update id="update" parameterType="com.uponly.casino.admin.dto.UpdateGameDTO">
        UPDATE casino_game_original
        <set>
            <if test="tableNameEdit != null">
                table_name_edit = #{tableNameEdit},
            </if>
            <if test="tableIconEdit != null">
                table_icon_edit = #{tableIconEdit},
            </if>
            version  = version + 1
        </set>
        WHERE id = #{id}
    </update>

    <insert id="add" parameterType="com.uponly.casino.admin.vo.GameVO" useGeneratedKeys="true" keyProperty="gameId">
        insert into casino_game
        <trim prefix="(" suffix=")" suffixOverrides=",">
            <if test="region != null">
                `region`,
            </if>
            <if test="pid != null">
                `pid`,
            </if>
            <if test="pgameId != null">
                `pgame_id`,
            </if>
            <if test="pgameName != null">
                `pgame_name`,
            </if>
            <if test="nameEdit != null">
                `name_edit`,
            </if>
            <if test="pgameIcon != null">
                `pgame_icon`,
            </if>
            <if test="iconEdit != null">
                `icon_edit`,
            </if>
            <if test="minBet != null">
                `min_bet`,
            </if>
            <if test="maxBet != null">
                `max_bet`,
            </if>
            <if test="gameType != null">
                `game_type`,
            </if>
            <if test="status != null">
                `status`,
            </if>
            <if test="createTime != null">
                `create_time`,
            </if>
            <if test="updateTime != null">
                `update_time`,
            </if>
            <if test="sort != null">
                `sort`,
            </if>
        </trim>
        <trim prefix="values (" suffix=")" suffixOverrides=",">
            <if test="region != null">
                #{region},
            </if>
            <if test="pid != null">
                #{pid},
            </if>
            <if test="pgameId != null">
                #{pgameId},
            </if>
            <if test="pgameName != null">
                #{pgameName},
            </if>
            <if test="nameEdit != null">
                #{nameEdit},
            </if>
            <if test="pgameIcon != null">
                #{pgameIcon},
            </if>
            <if test="iconEdit != null">
                #{iconEdit},
            </if>
            <if test="minBet != null">
                #{minBet},
            </if>
            <if test="maxBet != null">
                #{maxBet},
            </if>
            <if test="gameType != null">
                #{gameType},
            </if>
            <if test="status != null">
                #{status},
            </if>
            <if test="createTime != null">
                #{createTime},
            </if>
            <if test="updateTime != null">
                #{updateTime},
            </if>
            <if test="sort != null">
                #{sort},
            </if>
        </trim>
    </insert>

    <insert id="addTag" parameterType="com.uponly.casino.admin.dto.GameTagDTO" useGeneratedKeys="true" keyProperty="id">
        INSERT INTO casino_gametag
            (game_id, tag, type)
        VALUES (#{gameId}, #{tag}, #{type});
    </insert>

    <insert id="addRegion" parameterType="com.uponly.casino.admin.dto.GameRegionDTO" useGeneratedKeys="true" keyProperty="id">
        INSERT INTO casino_game_region
            (game_id, region)
        VALUES (#{gameId}, #{region});
    </insert>



    <delete id="deleteTag" parameterType="com.uponly.casino.admin.dto.GameTagDTO">
        DELETE FROM casino_gametag
        WHERE game_id = #{gameId} AND type = #{type};
    </delete>

    <delete id="deleteRegion">
        DELETE FROM casino_game_region
        WHERE game_id = #{gameId} and region = #{region}
    </delete>





<!--    <select id="searchGame" resultMap="gameMap" parameterType="com.uponly.casino.admin.dto.SearchGameDTO">-->
<!--        SELECT-->
<!--        cg.game_id, cg.region, cp.name, cg.pgame_id, cg.pgame_name,-->
<!--        cg.name_edit, cg.pgame_icon, cg.icon_edit, cg.min_bet, cg.max_bet,-->
<!--        cg.game_type, cg.status, cg.create_time, cg.update_time, cg.sort,-->
<!--        cgt.tag, cgt.type,-->
<!--        COUNT(cf.user_id) AS user_favorite_count-->
<!--        FROM-->
<!--        casino_game cg-->
<!--        JOIN-->
<!--        casino_gametag cgt ON cg.game_id = cgt.game_id-->
<!--        JOIN-->
<!--        casino_provider cp ON cg.pid = cp.pid-->
<!--        LEFT JOIN-->
<!--        casino_favorite cf ON cg.game_id = cf.game_id-->
<!--        <where>-->
<!--            <if test="pid != null and pid != ''">-->
<!--                AND cg.pid = #{pid}-->
<!--            </if>-->
<!--            <if test="status != null and status != ''">-->
<!--                AND cg.status = #{status}-->
<!--            </if>-->
<!--            <if test="pgameId != null and pgameId != ''">-->
<!--                AND cg.pgame_id = #{pgameId}-->
<!--            </if>-->
<!--            <if test="pgameName != null and pgameName != ''">-->
<!--                AND cg.pgame_name = #{pgameName}-->
<!--            </if>-->
<!--            <if test="gameType != null and gameType != ''">-->
<!--                AND cg.game_type = #{gameType}-->
<!--            </if>-->
<!--            <if test="region != null and region != ''">-->
<!--                AND JSON_CONTAINS(cg.region, #{region})-->
<!--            </if>-->
<!--            <if test="tag != null and tag != ''">-->
<!--                AND cgt.tag = #{tag}-->
<!--            </if>-->
<!--            <if test="type != null and type != ''">-->
<!--                AND cgt.type = #{type}-->
<!--            </if>-->
<!--        </where>-->

<!--        GROUP BY-->
<!--        cg.game_id, cg.region, cg.pid, cg.pgame_id, cg.pgame_name,-->
<!--        cg.name_edit, cg.pgame_icon, cg.icon_edit, cg.min_bet, cg.max_bet,-->
<!--        cg.game_type, cg.status, cg.create_time, cg.update_time, cg.sort,-->
<!--        cgt.tag, cgt.type-->
<!--    </select>-->

<!--    <select id="searchOneGame" resultMap="gameMap" parameterType="java.lang.String">-->
<!--        SELECT-->
<!--        cg.game_id, cg.region, cp.name, cg.pgame_id, cg.pgame_name,-->
<!--        cg.name_edit, cg.pgame_icon, cg.icon_edit, cg.min_bet, cg.max_bet,-->
<!--        cg.game_type, cg.status, cg.create_time, cg.update_time, cg.sort-->
<!--        FROM-->
<!--        casino_game cg-->
<!--        <where>-->
<!--            <if test="pgameId != null and pgameId != ''">-->
<!--                AND cg.pgame_id = #{pgameId}-->
<!--            </if>-->

<!--        </where>-->

<!--    </select>-->


<!--    <select id="selectAllCasinoGames" resultMap="gameMap">-->
<!--        SELECT cg.game_id,-->
<!--               cg.region,-->
<!--               cg.pid,-->
<!--               cg.pgame_id,-->
<!--               cg.pgame_name,-->
<!--               cg.name_edit,-->
<!--               cg.pgame_icon,-->
<!--               cg.icon_edit,-->
<!--               cg.min_bet,-->
<!--               cg.max_bet,-->
<!--               cg.game_type,-->
<!--               cg.status,-->
<!--               cg.create_time,-->
<!--               cg.update_time,-->
<!--               cg.sort,-->
<!--               cgt.tag,-->
<!--               cgt.type-->
<!--        FROM casino_game cg-->
<!--                 JOIN-->
<!--             casino_gametag cgt ON cg.game_id = cgt.game_id-->
<!--        GROUP BY cg.game_id, cg.region, cg.pid, cg.pgame_id, cg.pgame_name,-->
<!--                 cg.name_edit, cg.pgame_icon, cg.icon_edit, cg.min_bet, cg.max_bet,-->
<!--                 cg.game_type, cg.status, cg.create_time, cg.update_time, cg.sort,-->
<!--                 cgt.tag, cgt.type-->
<!--    </select>-->

<!--    <select id="selectAllCasinoGamesPopular" resultMap="gameMapPopular">-->
<!--        SELECT cg.game_id,-->
<!--               cg.region,-->
<!--               cg.pid,-->
<!--               cp.name,-->
<!--               cg.pgame_id,-->
<!--               cg.pgame_name,-->
<!--               cg.name_edit,-->
<!--               cg.pgame_icon,-->
<!--               cg.icon_edit,-->
<!--               cg.min_bet,-->
<!--               cg.max_bet,-->
<!--               cg.game_type,-->
<!--               cg.status,-->
<!--               cg.create_time,-->
<!--               cg.update_time,-->
<!--               cg.sort,-->
<!--               cg.game_name_en,-->
<!--               cg.user_count_7d,-->
<!--               cgt.tag,-->
<!--               cgt.type-->
<!--        FROM casino_game cg-->
<!--             JOIN-->
<!--             casino_gametag cgt ON cg.game_id = cgt.game_id-->
<!--             JOIN-->
<!--             casino_provider cp ON cg.pid = cp.pid-->
<!--        GROUP BY cg.game_id, cg.region, cg.pid, cg.pgame_id, cg.pgame_name,-->
<!--                 cg.name_edit, cg.pgame_icon, cg.icon_edit, cg.min_bet, cg.max_bet,-->
<!--                 cg.game_type, cg.status, cg.create_time, cg.update_time, cg.sort,-->
<!--                 cg.game_name_en, cg.user_count_7d, cgt.tag, cgt.type-->
<!--    </select>-->

    <!--查询指定用户是否收藏了某个游戏-->
    <select id="isCollected" resultType="java.lang.Integer">
        SELECT COUNT(1)
        FROM casino_favorite
        WHERE game_id = #{gameId}
          AND user_id = #{userId}
    </select>

<!--    <select id="listConditionNewGames" parameterType="java.util.Map" resultMap="gameMap">-->
<!--        SELECT-->
<!--        cg.game_id,-->
<!--        cg.region,-->
<!--        cg.pid,-->
<!--        cg.pgame_id,-->
<!--        cg.pgame_name,-->
<!--        cg.game_name_en,-->
<!--        cg.name_edit,-->
<!--        cg.pgame_icon,-->
<!--        cg.icon_edit,-->
<!--        cg.min_bet,-->
<!--        cg.max_bet,-->
<!--        cp.name,-->
<!--        cg.game_type,-->
<!--        cg.status,-->
<!--        cg.create_time,-->
<!--        cg.update_time,-->
<!--        cg.sort,-->
<!--        cgt.tag,-->
<!--        cgt.type-->
<!--        FROM casino_game cg-->
<!--        JOIN-->
<!--        casino_gametag cgt ON cg.game_id = cgt.game_id-->
<!--        JOIN-->
<!--        casino_provider cp ON cg.pid = cp.pid-->
<!--        <where>-->
<!--            <if test="providerIdList != null and providerIdList.size()!=0">-->
<!--                AND cg.pid IN-->
<!--                <foreach item="providerId" collection="providerIdList" open="(" separator="," close=")">-->
<!--                    #{providerId}-->
<!--                </foreach>-->
<!--            </if>-->
<!--            <if test="status != null and status != ''">-->
<!--                AND cg.status = 1-->
<!--            </if>-->

<!--            <if test="region != null and region != ''">-->
<!--                AND JSON_CONTAINS(cg.region, #{region})-->
<!--            </if>-->
<!--            <if test="tag != null and tag != ''">-->
<!--                AND cgt.tag = #{tag}-->
<!--            </if>-->

<!--        </where>-->
<!--        GROUP BY cg.game_id, cg.region, cg.pid, cg.pgame_id, cg.pgame_name,-->
<!--        cg.name_edit, cg.pgame_icon, cg.icon_edit, cg.min_bet, cg.max_bet,-->
<!--        cg.game_type, cg.status, cg.create_time, cg.update_time, cg.sort,-->
<!--        cgt.tag, cgt.type-->
<!--        ORDER BY cg.sort ASC-->
<!--    </select>-->

<!--    <select id="listConditionPromotionGames" parameterType="java.util.Map" resultMap="gameMap">-->
<!--        SELECT-->
<!--        cg.game_id,-->
<!--        cg.region,-->
<!--        cg.pid,-->
<!--        cg.pgame_id,-->
<!--        cg.pgame_name,-->
<!--        cg.game_name_en,-->
<!--        cg.name_edit,-->
<!--        cg.pgame_icon,-->
<!--        cg.icon_edit,-->
<!--        cg.min_bet,-->
<!--        cg.max_bet,-->
<!--        cp.name,-->
<!--        cg.game_type,-->
<!--        cg.status,-->
<!--        cg.create_time,-->
<!--        cg.update_time,-->
<!--        cg.sort,-->
<!--        cgt.tag,-->
<!--        cgt.type-->
<!--        FROM casino_game cg-->
<!--        JOIN-->
<!--        casino_gametag cgt ON cg.game_id = cgt.game_id-->
<!--        JOIN-->
<!--        casino_provider cp ON cg.pid = cp.pid-->
<!--        <where>-->
<!--            <if test="providerIdList != null and providerIdList.size()!=0">-->
<!--                AND cg.pid IN-->
<!--                <foreach item="providerId" collection="providerIdList" open="(" separator="," close=")">-->
<!--                    #{providerId}-->
<!--                </foreach>-->
<!--            </if>-->
<!--            <if test="status != null and status != ''">-->
<!--                AND cg.status = 1-->
<!--            </if>-->

<!--            <if test="region != null and region != ''">-->
<!--                AND JSON_CONTAINS(cg.region, #{region})-->
<!--            </if>-->
<!--            <if test="type != null and type != ''">-->
<!--                AND cgt.type = #{type}-->
<!--            </if>-->

<!--        </where>-->
<!--        GROUP BY cg.game_id, cg.region, cg.pid, cg.pgame_id, cg.pgame_name,-->
<!--        cg.name_edit, cg.pgame_icon, cg.icon_edit, cg.min_bet, cg.max_bet,-->
<!--        cg.game_type, cg.status, cg.create_time, cg.update_time, cg.sort,-->
<!--        cgt.tag, cgt.type-->
<!--        ORDER BY cg.sort ASC-->
<!--    </select>-->

<!--    <select id="listConditionA2Z" parameterType="java.util.Map" resultMap="gameMap">-->
<!--        SELECT-->
<!--        cg.game_id,-->
<!--        cg.region,-->
<!--        cg.pid,-->
<!--        cg.pgame_id,-->
<!--        cg.pgame_name,-->
<!--        cg.game_name_en,-->
<!--        cg.name_edit,-->
<!--        cg.pgame_icon,-->
<!--        cg.icon_edit,-->
<!--        cg.min_bet,-->
<!--        cg.max_bet,-->
<!--        cp.name,-->
<!--        cg.game_type,-->
<!--        cg.status,-->
<!--        cg.create_time,-->
<!--        cg.update_time,-->
<!--        cg.sort,-->
<!--        cgt.tag,-->
<!--        cgt.type-->
<!--        FROM casino_game cg-->
<!--        JOIN-->
<!--        casino_gametag cgt ON cg.game_id = cgt.game_id-->
<!--        JOIN-->
<!--        casino_provider cp ON cg.pid = cp.pid-->
<!--        <where>-->
<!--            <if test="providerIdList != null and providerIdList.size()!=0">-->
<!--                AND cg.pid IN-->
<!--                <foreach item="providerId" collection="providerIdList" open="(" separator="," close=")">-->
<!--                    #{providerId}-->
<!--                </foreach>-->
<!--            </if>-->
<!--            <if test="status != null and status != ''">-->
<!--                AND cg.status = 1-->
<!--            </if>-->

<!--            <if test="region != null and region != ''">-->
<!--                AND JSON_CONTAINS(cg.region, #{region})-->
<!--            </if>-->
<!--            <if test="type != null and type != ''">-->
<!--                AND cgt.type = #{type}-->
<!--            </if>-->

<!--        </where>-->
<!--        GROUP BY cg.game_id, cg.region, cg.pid, cg.pgame_id, cg.pgame_name,-->
<!--        cg.name_edit, cg.pgame_icon, cg.icon_edit, cg.min_bet, cg.max_bet,-->
<!--        cg.game_type, cg.status, cg.create_time, cg.update_time, cg.sort,-->
<!--        cgt.tag, cgt.type-->
<!--    </select>-->

    <select id="maxSort" resultType="java.lang.Integer">
        SELECT MAX(sort) FROM casino_game
    </select>

<!--    <update id="updateUserCount7d2Game">-->
<!--        UPDATE casino_game cg-->
<!--            JOIN (SELECT game_id, count (DISTINCT user_id) as user_count-->
<!--            FROM casino_order co-->
<!--            WHERE co.create_time >= CURDATE() - INTERVAL 7 DAY-->
<!--            GROUP BY game_id) co-->
<!--        ON cg.game_id = co.game_id-->
<!--            SET cg.user_count_7d = co.user_count-->
<!--    </update>-->

<!--    <select id="listPopularGamesByRegion" resultMap="gameMapPopular" parameterType="java.util.Map">-->
<!--        SELECT-->
<!--        cg.game_id,-->
<!--        cg.region,-->
<!--        cg.pid,-->
<!--        cp.name,-->
<!--        cg.pgame_id,-->
<!--        cg.pgame_name,-->
<!--        cg.name_edit,-->
<!--        cg.pgame_icon,-->
<!--        cg.icon_edit,-->
<!--        cg.min_bet,-->
<!--        cg.max_bet,-->
<!--        cg.game_type,-->
<!--        cg.status,-->
<!--        cg.create_time,-->
<!--        cg.update_time,-->
<!--        cg.sort,-->
<!--        cg.game_name_en,-->
<!--        cg.user_count_7d,-->
<!--        GROUP_CONCAT(cgt.tag) AS tag,-->
<!--        cgt.type-->
<!--        FROM casino_game cg-->
<!--        left JOIN casino_gametag cgt ON cg.game_id = cgt.game_id-->
<!--        JOIN casino_provider cp ON cg.pid = cp.pid-->
<!--        JOIN casino_game_region cgr ON cg.game_id = cgr.game_id-->
<!--        WHERE cgr.region = #{region}-->
<!--        <if test="pids != null and pids != ''">-->
<!--            AND cg.pid IN-->
<!--            <foreach collection="pids.split(',')" item="id" separator="," open="(" close=")">-->
<!--                #{id}-->
<!--            </foreach>-->
<!--        </if>-->
<!--        AND cg.status = 1-->
<!--        GROUP BY cg.game_id-->
<!--        ORDER BY cg.user_count_7d DESC, cg.game_name_en ASC-->
<!--    </select>-->

<!--    <select id="listPromotionGamesByRegion" resultMap="gameMap" parameterType="java.util.Map">-->
<!--        SELECT-->
<!--        cg.game_id,-->
<!--        cg.region,-->
<!--        cg.pid,-->
<!--        cg.pgame_id,-->
<!--        cg.pgame_name,-->
<!--        cg.game_name_en,-->
<!--        cg.name_edit,-->
<!--        cg.pgame_icon,-->
<!--        cg.icon_edit,-->
<!--        cg.min_bet,-->
<!--        cg.max_bet,-->
<!--        cp.name,-->
<!--        cg.game_type,-->
<!--        cg.status,-->
<!--        cg.create_time,-->
<!--        cg.update_time,-->
<!--        cg.sort,-->
<!--        cgt.tag-->
<!--        FROM casino_game cg-->
<!--        LEFT JOIN casino_gametag cgt ON cg.game_id = cgt.game_id-->
<!--        JOIN casino_provider cp ON cg.pid = cp.pid-->
<!--        JOIN casino_game_region cgr ON cg.game_id = cgr.game_id-->
<!--        WHERE cgr.region = #{region} AND-->
<!--                cgt.tag = 'PROMOTION'-->
<!--        <if test="pids != null and pids != ''">-->
<!--            AND cg.pid IN-->
<!--            <foreach collection="pids.split(',')" item="id" separator="," open="(" close=")">-->
<!--                #{id}-->
<!--            </foreach>-->
<!--        </if>-->
<!--        ORDER BY cg.sort ASC-->
<!--    </select>-->

<!--    <select id="listNewGamesByRegion" resultMap="gameMap" parameterType="java.util.Map">-->
<!--        SELECT-->
<!--        cg.game_id,-->
<!--        cg.region,-->
<!--        cg.pid,-->
<!--        cg.pgame_id,-->
<!--        cg.pgame_name,-->
<!--        cg.game_name_en,-->
<!--        cg.name_edit,-->
<!--        cg.pgame_icon,-->
<!--        cg.icon_edit,-->
<!--        cg.min_bet,-->
<!--        cg.max_bet,-->
<!--        cp.name,-->
<!--        cg.game_type,-->
<!--        cg.status,-->
<!--        cg.create_time,-->
<!--        cg.update_time,-->
<!--        cg.sort,-->
<!--        cgt.tag-->
<!--        FROM casino_game cg-->
<!--        LEFT JOIN casino_gametag cgt ON cg.game_id = cgt.game_id-->
<!--        JOIN casino_provider cp ON cg.pid = cp.pid-->
<!--        JOIN casino_game_region cgr ON cg.game_id = cgr.game_id-->
<!--        WHERE cgr.region = #{region} AND-->
<!--        cgt.tag = 'NEW'-->
<!--        <if test="pids != null and pids != ''">-->
<!--            AND cg.pid IN-->
<!--            <foreach collection="pids.split(',')" item="id" separator="," open="(" close=")">-->
<!--                #{id}-->
<!--            </foreach>-->
<!--        </if>-->
<!--        ORDER BY cg.sort ASC-->
<!--    </select>-->

<!--    <select id="listFavoriteGamesByRegion" resultMap="gameMapPopular" parameterType="java.util.Map">-->
<!--        SELECT-->
<!--        cg.game_id,-->
<!--        cg.region,-->
<!--        cg.pid,-->
<!--        cp.name,-->
<!--        cg.pgame_id,-->
<!--        cg.pgame_name,-->
<!--        cg.name_edit,-->
<!--        cg.pgame_icon,-->
<!--        cg.icon_edit,-->
<!--        cg.min_bet,-->
<!--        cg.max_bet,-->
<!--        cg.game_type,-->
<!--        cg.status,-->
<!--        cg.create_time,-->
<!--        cg.update_time,-->
<!--        cg.sort,-->
<!--        cg.game_name_en,-->
<!--        cg.user_count_7d,-->
<!--        cf.create_at,-->
<!--        GROUP_CONCAT(cgt.tag) AS tag-->
<!--        FROM casino_game cg-->
<!--        left JOIN casino_gametag cgt ON cg.game_id = cgt.game_id-->
<!--        JOIN casino_provider cp ON cg.pid = cp.pid-->
<!--        left JOIN casino_favorite cf ON cg.game_id = cf.game_id AND cf.user_id = #{userId}-->
<!--        JOIN casino_game_region cgr ON cg.game_id = cgr.game_id-->
<!--        WHERE cgr.region = #{region}-->
<!--        <if test="pids != null and pids != ''">-->
<!--        AND cg.pid IN-->
<!--        <foreach collection="pids.split(',')" item="id" separator="," open="(" close=")">-->
<!--            #{id}-->
<!--        </foreach>-->
<!--        </if>-->
<!--        AND cg.status = 1-->
<!--        GROUP BY cg.game_id-->
<!--        ORDER BY cf.create_at DESC-->
<!--    </select>-->

<!--    <select id="listRecommendGamesByRegion" resultMap="gameMapPopular" parameterType="java.util.Map">-->
<!--        SELECT-->
<!--        cg.game_id,-->
<!--        cg.region,-->
<!--        cg.pid,-->
<!--        cp.name,-->
<!--        cg.pgame_id,-->
<!--        cg.pgame_name,-->
<!--        cg.name_edit,-->
<!--        cg.pgame_icon,-->
<!--        cg.icon_edit,-->
<!--        cg.min_bet,-->
<!--        cg.max_bet,-->
<!--        cg.game_type,-->
<!--        cg.status,-->
<!--        cg.create_time,-->
<!--        cg.update_time,-->
<!--        cg.sort,-->
<!--        cg.game_name_en,-->
<!--        cg.user_count_7d,-->
<!--        GROUP_CONCAT(cgt.tag) AS tag-->
<!--        FROM casino_game cg-->
<!--        left JOIN casino_gametag cgt ON cg.game_id = cgt.game_id-->
<!--        JOIN casino_provider cp ON cg.pid = cp.pid-->
<!--        JOIN casino_recommend cr ON cg.game_id = cr.game_id-->
<!--        JOIN casino_game_region cgr ON cg.game_id = cgr.game_id-->
<!--        WHERE cgr.region = #{region}-->
<!--        <if test="ids != null and ids != ''">-->
<!--            AND cg.pid IN-->
<!--            <foreach collection="ids.split(',')" item="id" open="(" close=")" separator=",">-->
<!--                #{id}-->
<!--            </foreach>-->
<!--        </if>-->
<!--        AND cg.status = 1-->
<!--        AND ((cr.time_limit = 1 AND cr.start &lt;= NOW() AND cr.end &gt;= NOW()) OR cr.time_limit = 0)-->
<!--        GROUP BY cg.game_id-->
<!--        ORDER BY cr.sort ASC-->

<!--    </select>-->

    <select id="listGameRegions" resultType="com.uponly.casino.admin.dto.GameRegionDTO" parameterType="java.lang.Long">
        SELECT id, game_id, region
        FROM casino_game_region
        WHERE game_id = #{gameId}
    </select>

<!--    <select id="searchGame1" resultMap="gameMap" parameterType="com.uponly.casino.admin.dto.SearchGameDTO">-->
<!--        SELECT-->
<!--        cg.game_id, cg.region, cp.name, cg.pgame_id, cg.pgame_name,-->
<!--        cg.name_edit, cg.pgame_icon, cg.icon_edit, cg.min_bet, cg.max_bet,-->
<!--        cg.game_type, cg.status, cg.create_time, cg.update_time, cg.sort,-->
<!--        cgt.tag, cgt.type,-->
<!--        COUNT(cf.user_id) AS user_favorite_count-->
<!--        FROM-->
<!--        casino_game cg-->
<!--        LEFT JOIN-->
<!--        casino_gametag cgt ON cg.game_id = cgt.game_id-->
<!--        JOIN-->
<!--        casino_provider cp ON cg.pid = cp.pid-->
<!--        JOIN-->
<!--        casino_game_region cgr ON cg.game_id = cgr.game_id-->
<!--        LEFT JOIN-->
<!--        casino_favorite cf ON cg.game_id = cf.game_id-->
<!--        <where>-->
<!--            <if test="pid != null and pid != ''">-->
<!--                AND cg.pid = #{pid}-->
<!--            </if>-->
<!--            <if test="gameId != null and gameId != ''">-->
<!--                AND cg.game_id = #{gameId}-->
<!--            </if>-->
<!--            <if test="status != null and status != ''">-->
<!--                AND cg.status = #{status}-->
<!--            </if>-->
<!--            <if test="pgameId != null and pgameId != ''">-->
<!--                AND cg.pgame_id = #{pgameId}-->
<!--            </if>-->
<!--            <if test="pgameName != null and pgameName != ''">-->
<!--                AND cg.pgame_name = #{pgameName}-->
<!--            </if>-->
<!--            <if test="gameType != null and gameType != ''">-->
<!--                AND cg.game_type = #{gameType}-->
<!--            </if>-->
<!--            <if test="region != null and region != ''">-->
<!--                AND cgr.region = #{region}-->
<!--            </if>-->
<!--            <if test="tag != null and tag != ''">-->
<!--                AND cgt.tag = #{tag}-->
<!--            </if>-->
<!--            <if test="promotion != null and promotion != ''">-->
<!--                AND cgt.type = 1-->
<!--            </if>-->
<!--        </where>-->
<!--        GROUP BY-->
<!--        cg.game_id, cg.region, cg.pid, cg.pgame_id, cg.pgame_name,-->
<!--        cg.name_edit, cg.pgame_icon, cg.icon_edit, cg.min_bet, cg.max_bet,-->
<!--        cg.game_type, cg.status, cg.create_time, cg.update_time, cg.sort,-->
<!--        cgt.tag, cgt.type-->
<!--    </select>-->

    <select id="getOriginInfoByGameId" resultMap="gameMap" parameterType="java.lang.Integer">
        SELECT *
        FROM casino_game_origin
        WHERE game_id = #{gameId}
    </select>
    <select id="listGameTypeVO" resultType="com.uponly.casino.admin.vo.GameTypeVO">
        SELECT
        pid, game_type, display_name
        FROM casino_game_type
        where pid = #{pid}
    </select>

</mapper>


