<?xml version="1.0" encoding="UTF-8"?>
<!DOCTYPE mapper PUBLIC "-//mybatis.org//DTD Mapper 3.0//EN" "http://mybatis.org/dtd/mybatis-3-mapper.dtd">


<mapper namespace="com.uponly.casino.mapper.GameOriginalMapper">
    <resultMap id="gameResultMap" type="com.uponly.casino.admin.vo.GameSearch">
        <id property="id" column="id"/>
        <result property="providerName" column="provider_name"/>
        <result property="tableId" column="table_id"/>
        <result property="tableName" column="table_name"/>
        <result property="tableNameEdit" column="table_name_edit"/>
        <result property="tableIcon" column="table_icon"/>
        <result property="tableIconEdit" column="table_icon_edit"/>

        <result property="betLimits" column="bet_limits"/>
        <result property="gameType" column="game_type"/>
        <result property="players" column="players"/>
        <result property="dealer" column="dealer"/>
        <result property="operationHours" column="operation_hours"/>

        <result property="open" column="open"/>
        <result property="descriptions" column="descriptions"/>
        <result property="operationStart" column="operation_start" jdbcType="TIMESTAMP"/>
        <result property="operationEnd" column="operation_end" jdbcType="TIMESTAMP"/>
    </resultMap>

    <resultMap id="gameOriginalResultMap" type="com.uponly.casino.admin.vo.GameOriginalVO">
        <id property="id" column="id"/>
        <result property="tableId" column="table_id"/>
        <result property="tableName" column="table_name"/>
        <result property="tableNameEdit" column="table_name_edit"/>
        <result property="pid" column="pid"/>
        <result property="tableIcon" column="table_icon"/>
        <result property="tableIconEdit" column="table_icon_edit"/>
        <result property="gameName" column="game_name"/>
        <result property="gameProvider" column="game_provider"/>
        <result property="gameType" column="game_type"/>
        <result property="gameSubtype" column="game_subtype"/>
        <result property="virtualTableId" column="virtual_table_id"/>
        <result property="luckyNumbers" column="lucky_numbers"/>
        <result property="sitesAssigned" column="sites_assigned"/>
        <result property="players" column="players"/>
        <result property="display" column="display"/>
        <result property="lang" column="lang"/>
        <result property="history" column="history"/>
        <result property="descriptions" column="descriptions"/>
        <result property="videoSnapshot" column="video_snapshot"/>
        <result property="betLimits" column="bet_limits"/>
        <result property="dealer" column="dealer"/>
        <result property="operationHours" column="operation_hours"/>
        <result property="open" column="open"/>
        <result property="operationStart" column="operation_start" jdbcType="TIMESTAMP"/>
        <result property="operationEnd" column="operation_end" jdbcType="TIMESTAMP"/>
        <result property="version" column="version" jdbcType="INTEGER"/>
    </resultMap>


    <insert id="addGamesFromEvo" >
        INSERT INTO casino_game_original (table_name,
        pid, game_name, game_provider, game_type, game_subtype,
        virtual_table_id, lucky_numbers, sites_assigned, players, display,
        lang, history, descriptions, video_snapshot, bet_limits, dealer,operation_hours,open,table_id,version,table_icon)
        VALUES (
            #{tableName},
            #{pid},
            #{gameName},
            #{gameProvider},
            #{gameType},
            #{gameSubtype},
            #{virtualTableId},
            #{luckyNumbers},
            #{sitesAssigned},
            #{players},
            #{display},
            #{lang},
            #{history},
            #{descriptions},
            #{videoSnapshot},
            #{betLimits},
            #{dealer},
            #{operationHours},
            #{open},
            #{tableId},
            version=version+1,
            #{tableIcon}
               )
    </insert>

    <insert id="addGames" >
        INSERT INTO casino_game_original
        (table_name,
         pid, table_name, game_provider, game_type, game_subtype,
         virtual_table_id, lucky_numbers, sites_assigned, players, display,
         lang, history, descriptions, video_snapshot, bet_limits, dealer,
         operation_hours, open, table_id)
        VALUES (#{tableName},
                #{pid},
                #{tableName},
                #{gameProvider},
                #{gameType},
                #{gameSubtype},
                #{virtualTableId},
                #{luckyNumbers},
                #{sitesAssigned},
                #{players},
                #{display},
                #{lang},
                #{history},
                #{descriptions},
                #{videoSnapshot},
                #{betLimits},
                #{dealer},
                #{operationHours},
                #{open},
                #{tableId})
    </insert>

    <insert id="addGameList">

    </insert>

    <update id="updateGameBatch">

    </update>

    <!--
        写出查询语句，查询casino_game_original表中的所有数据,加上cgp 的name,provider_icon,加上casino_game_region cgr 里的 regions（将同一game_id region 合并 并用“[]”包起来），用 pid join casino_game_provider cgp表的pid，用game_id join casino_game_region cgr表的game_id
    -->



    <select id="searchGame" parameterType="com.uponly.casino.admin.dto.SearchGame2DTO" resultMap="gameResultMap">
        SELECT cgo.id,
               cp.provider_name,
               cgo.table_id,
               cgo.table_name,
               cgo.table_name_edit,
               cgo.table_icon,
               cgo.table_icon_edit,

               cgo.bet_limits,
               cgo.game_type,
               cgo.players,
               cgo.dealer,
               cgo.operation_hours,

               cgo.operation_start,
               cgo.operation_end,
               cgo.open,
               cgo.descriptions
        FROM casino_game_original cgo
        LEFT JOIN casino_provider cp ON cgo.pid = cp.pid
        <where>
            <!-- 根据前端传递的条件进行动态查询 -->
            <if test="providerName != null and providerName != ''">
                AND cp.provider_name = #{providerName}
            </if>
            <if test="open != null">
                AND cgo.open = #{open}
            </if>
            <if test="dealerName != null and dealerName != ''">
                AND JSON_CONTAINS(cgo.dealer, CONCAT('{"name": "', #{dealerName}, '"}'))
            </if>
            <if test="dealerId != null and dealerId != ''">
                AND cgo.dealer LIKE CONCAT('%', #{dealerId}, '%')
            </if>
            <if test="gameType != null and gameType != ''">
                AND cgo.game_type = #{gameType}
            </if>
            <if test="tableId != null and tableId != ''">
                AND cgo.table_id = #{tableId}
            </if>
            <if test="tableName != null and tableName != ''">
                AND cgo.table_name = #{tableName}
            </if>
        </where>

        GROUP BY cgo.id
    </select>

    <select id="selectAllByPid" resultMap="gameOriginalResultMap" parameterType="java.lang.Long">
        SELECT *
        FROM casino_game_original
        WHERE pid = #{pid}
        order by pid asc
    </select>

    <select id="selectAll" resultMap="gameOriginalResultMap">
        SELECT *
        FROM casino_game_original
        order by pid asc
    </select>

    <select id="selectGameNameByTableId" resultType="String">
        SELECT game_name
        FROM casino_game_original
        WHERE table_id = #{tableId}
    </select>

    <select id="selectTableIconByGameName" resultType="String">
        select
            COALESCE(cgo.table_icon_edit, cgo.table_icon) AS table_icon_display
            from casino_game_original cgo
        where
            cgo.game_name = #{gameName}
    </select>

    <select id="selectTableNameByGameName" resultType="String">
        select
            COALESCE(cgo.table_name_edit, cgo.table_name) AS table_name_display
        from casino_game_original cgo
        where
            cgo.game_name = #{gameName}
    </select>

    <select id="selectListByTableId" resultMap="gameOriginalResultMap">
        select
               id,table_id,game_name,`table_name`,`open`
        from
             casino_game_original
        where
            table_id in
        <foreach collection="tableIdList" item="tableId" open="(" close=")"  separator=",">
            #{tableId}
        </foreach>
    </select>
</mapper>


