<?xml version="1.0" encoding="UTF-8"?>
<!DOCTYPE mapper PUBLIC "-//mybatis.org//DTD Mapper 3.0//EN" "http://mybatis.org/dtd/mybatis-3-mapper.dtd">
<mapper namespace="com.uponly.casino.mapper.OrderItemMapper">
    <resultMap id="OrderMap" type="com.uponly.casino.admin.vo.OrderItemVO">
        <id column="id" jdbcType="INTEGER" property="id"/>
        <result column="casino_order_id" jdbcType="INTEGER" property="casinoOrderId"/>
        <result column="order_no" jdbcType="VARCHAR" property="orderNo"/>
        <result column="transaction_id" jdbcType="VARCHAR" property="transactionId"/>
        <result column="round_id" jdbcType="VARCHAR" property="roundId"/>
        <result column="user_id" jdbcType="INTEGER" property="userId"/>
        <result column="amount" jdbcType="DECIMAL" property="amount"/>
        <result column="effective_amount" jdbcType="DECIMAL" property="effectiveAmount"/>
        <result column="payout" jdbcType="DECIMAL" property="payout"/>
        <result column="usd_payout" jdbcType="DECIMAL" property="usdPayout"/>
        <result column="result" jdbcType="TINYINT" property="result"/>
        <result column="bet_type" jdbcType="VARCHAR" property="betType"/>
        <result column="item_payload" jdbcType="VARCHAR" property="itemPayload"/>
        <result column="multiplier" jdbcType="DECIMAL" property="multiplier"/>
        <result column="created_at" jdbcType="TIMESTAMP" property="createdAt"/>
        <result column="settle_at" jdbcType="TIMESTAMP" property="settleAt"/>
    </resultMap>


    <sql id="Order_Item_Column_List">
        id
        ,casino_order_id,order_no, transaction_id,round_id, user_id,amount, effective_amount,payout,usd_payout, result, bet_type, item_payload, created_at, settle_at
    </sql>

    <insert id="add" parameterType="com.uponly.casino.admin.vo.OrderItemVO" useGeneratedKeys="true" keyProperty="id">
        insert into casino_order_item
        <trim prefix="(" suffix=")" suffixOverrides=",">
            <if test="orderItem.casinoOrderId != null">
                `casino_order_id`,
            </if>
            <if test="orderItem.orderNo != null">
                `order_no`,
            </if>
            <if test="orderItem.transactionId != null">
                `transaction_id`,
            </if>
            <if test="orderItem.roundId != null">
                `round_id`,
            </if>
            <if test="orderItem.userId != null">
                `user_id`,
            </if>
            <if test="orderItem.amount != null">
                `amount`,
            </if>
            <if test="orderItem.effectiveAmount != null">
                `effective_amount`,
            </if>
            <if test="orderItem.payout != null">
                `payout`,
            </if>
            <if test="orderItem.usdPayout != null">
                `usd_payout`,
            </if>
            <if test="orderItem.result != null">
                `result`,
            </if>
            <if test="orderItem.betType != null">
                `bet_type`,
            </if>
            <if test="orderItem.itemPayload != null">
                `item_payload`,
            </if>
            <if test="orderItem.multiplier != null">
                `multiplier`,
            </if>
        </trim>
        <trim prefix="values (" suffix=")" suffixOverrides=",">
            <if test="orderItem.casinoOrderId != null">
                #{orderItem.casinoOrderId},
            </if>
            <if test="orderItem.orderNo != null">
                #{orderItem.orderNo},
            </if>
            <if test="orderItem.transactionId != null">
                #{orderItem.transactionId},
            </if>
            <if test="orderItem.roundId != null">
                #{orderItem.roundId},
            </if>
            <if test="orderItem.userId != null">
                #{orderItem.userId},
            </if>
            <if test="orderItem.amount != null">
                #{orderItem.amount},
            </if>
            <if test="orderItem.effectiveAmount != null">
                #{orderItem.effectiveAmount},
            </if>
            <if test="orderItem.payout != null">
                #{orderItem.payout},
            </if>
            <if test="orderItem.usdPayout != null">
                #{orderItem.usdPayout},
            </if>
            <if test="orderItem.result != null">
                #{orderItem.result},
            </if>
            <if test="orderItem.betType != null">
                #{orderItem.betType},
            </if>
            <if test="orderItem.itemPayload != null">
                #{orderItem.itemPayload},
            </if>
            <if test="orderItem.multiplier != null">
                #{orderItem.multiplier},
            </if>
        </trim>
    </insert>
    <insert id="addBatch" parameterType="java.util.List" useGeneratedKeys="true" keyProperty="id">
        insert into casino_order_item (
        `casino_order_id`,
        `order_no`,
        `transaction_id`,
        `round_id`,
        `user_id`,
        `amount`,
        `effective_amount`,
        `payout`,
        `usd_payout`,
        `result`,
        `bet_type`,
        `item_payload`,
        `multiplier`
        )
        values
        <foreach collection="orderItemList" item="orderItem" index="index" separator=",">
            (
            <if test="orderItem.casinoOrderId != null">#{orderItem.casinoOrderId},</if>
            <if test="orderItem.casinoOrderId == null">null,</if>

            <if test="orderItem.orderNo != null">#{orderItem.orderNo},</if>
            <if test="orderItem.orderNo == null">null,</if>

            <if test="orderItem.transactionId != null">#{orderItem.transactionId},</if>
            <if test="orderItem.transactionId == null">null,</if>

            <if test="orderItem.roundId != null">#{orderItem.roundId},</if>
            <if test="orderItem.roundId == null">null,</if>

            <if test="orderItem.userId != null">#{orderItem.userId},</if>
            <if test="orderItem.userId == null">null,</if>

            <if test="orderItem.amount != null">#{orderItem.amount},</if>
            <if test="orderItem.amount == null">null,</if>

            <if test="orderItem.effectiveAmount != null">#{orderItem.effectiveAmount},</if>
            <if test="orderItem.effectiveAmount == null">null,</if>

            <if test="orderItem.payout != null">#{orderItem.payout},</if>
            <if test="orderItem.payout == null">null,</if>

            <if test="orderItem.usdPayout != null">#{orderItem.usdPayout},</if>
            <if test="orderItem.usdPayout == null">null,</if>

            <if test="orderItem.result != null">#{orderItem.result},</if>
            <if test="orderItem.result == null">null,</if>

            <if test="orderItem.betType != null">#{orderItem.betType},</if>
            <if test="orderItem.betType == null">null,</if>

            <if test="orderItem.itemPayload != null">#{orderItem.itemPayload},</if>
            <if test="orderItem.itemPayload == null">null,</if>

            <if test="orderItem.multiplier != null">#{orderItem.multiplier}</if>
            <if test="orderItem.multiplier == null">null</if>
            )
        </foreach>
    </insert>
    <update id="updateByTransactionId" parameterType="com.uponly.casino.admin.vo.OrderItemVO">
        update casino_order_item
        set
        payout = #{orderItem.payout},
        usd_payout = #{orderItem.usdPayout},
        effective_amount = #{orderItem.effectiveAmount},
        result = #{orderItem.result},
        settle_at=#{orderItem.settleAt}
        where
        transaction_id = #{orderItem.transactionId}
    </update>

    <update id="updateByOrderNo" parameterType="com.uponly.casino.admin.vo.OrderItemVO">
        update casino_order_item
        set
        payout = #{orderItem.payout},
        usd_payout = #{orderItem.usdPayout},
        effective_amount = #{orderItem.effectiveAmount},
        result = #{orderItem.result},
        settle_at=#{orderItem.settleAt}
        where
        order_no = #{orderItem.orderNo}
    </update>

    <insert id="addAll" parameterType="java.util.List">
        insert into casino_order_item
        (`casino_order_id`,`order_no`,`transaction_id`, `round_id`, `user_id`, `amount`, `effective_amount`, `payout`,
        `usd_payout`, `result`, `bet_type`,`item_payload`,`multiplier`)
        VALUES
        <foreach collection="orderItemList" item="orderItem" separator=",">
            (#{orderItem.casinoOrderId}, #{orderItem.orderNo}, #{orderItem.transactionId}, #{orderItem.roundId},
            #{orderItem.userId}, #{orderItem.amount}, #{orderItem.effectiveAmount},#{orderItem.payout},
            #{orderItem.usdPayout}, #{orderItem.result}, #{orderItem.betType},
            #{orderItem.itemPayload}, #{orderItem.multiplier})
        </foreach>
    </insert>

    <select id="selectByOrderNo" parameterType="java.lang.String" resultMap="OrderMap">
        select
        <include refid="Order_Item_Column_List"/>
        from casino_order_item
        where order_no = #{orderNo}
    </select>

    <select id="selectByCasinoOrderId" parameterType="java.lang.Integer" resultMap="OrderMap">
        select
        <include refid="Order_Item_Column_List"/>
        from casino_order_item
        where casino_order_id = #{casinoOrderId}
    </select>
    <select id="selectByTransactionIds" parameterType="java.util.List" resultMap="OrderMap">
        select
        <include refid="Order_Item_Column_List"/>
        from casino_order_item
        where transaction_id in
        <foreach item="transactionId" collection="list" open="(" separator="," close=")">
            #{transactionId}
        </foreach>
    </select>
    <select id="selectByCasinoOrderIdAndBetType" resultType="com.uponly.casino.admin.vo.OrderItemVO">
        select
        <include refid="Order_Item_Column_List"/>
        from casino_order_item
        where casino_order_id = #{casinoOrderId} and
        bet_type = #{betType}
    </select>

    <update id="updateByCasinoOrderIdAndBetType" parameterType="com.uponly.casino.admin.vo.OrderItemVO">
        update casino_order_item
        set
        amount =amount + #{orderItem.amount}
        where
        casino_order_id = #{orderItem.casinoOrderId} and
        bet_type = #{orderItem.betType}
    </update>
</mapper>
