<?xml version="1.0" encoding="UTF-8"?>
<!DOCTYPE mapper PUBLIC "-//mybatis.org//DTD Mapper 3.0//EN" "http://mybatis.org/dtd/mybatis-3-mapper.dtd">
<mapper namespace="com.uponly.casino.mapper.OrderMapper">
    <resultMap id="OrderMap" type="com.uponly.casino.admin.vo.OrderVO">
        <id column="id" jdbcType="INTEGER" property="id"/>
        <result column="order_no" jdbcType="VARCHAR" property="orderNo"/>
        <result column="third_order_no" jdbcType="VARCHAR" property="thirdOrderNo"/>
        <result column="user_id" jdbcType="INTEGER" property="userId"/>
        <result column="currency" jdbcType="VARCHAR" property="currency"/>
        <result column="round_id" jdbcType="VARCHAR" property="roundId"/>
        <result column="game_name" jdbcType="VARCHAR" property="gameName"/>
        <result column="amount" jdbcType="DECIMAL" property="amount"/>
        <result column="payout" jdbcType="DECIMAL" property="payout"/>
        <result column="multiplier" jdbcType="DECIMAL" property="multiplier"/>
        <result column="usd_payout" jdbcType="DECIMAL" property="usdPayout"/>
        <result column="status" jdbcType="TINYINT" property="status"/>
        <result column="msg_state" jdbcType="INTEGER" property="msgState"/>
        <result column="created_at" jdbcType="TIMESTAMP" property="createdAt"/>
        <result column="settle_at" jdbcType="TIMESTAMP" property="settleAt"/>
        <result column="bet_type" jdbcType="TINYINT" property="betType"/>
        <result column="settle_type" jdbcType="VARCHAR" property="settleType"/>
        <result column="body" jdbcType="VARCHAR" property="body"/>
        <result column="user_name" jdbcType="VARCHAR" property="userName"/>
        <result column="session_id" jdbcType="VARCHAR" property="sessionId"/>
        <result column="pid" jdbcType="INTEGER" property="pid"/>
        <result column="region" jdbcType="INTEGER" property="region"/>
        <!--        为了上报新增-->
        <result column="game_result" jdbcType="VARCHAR" property="gameResult"/>
        <result column="effective_amount" jdbcType="DECIMAL" property="effectiveAmount"/>
    </resultMap>

    <resultMap id="OrderHistoryMap" type="com.uponly.casino.admin.vo.OrderHistoryVO">
        <id column="id" jdbcType="BIGINT" property="id"/>
        <result column="pid" jdbcType="INTEGER" property="pid"/>
        <result column="order_no" jdbcType="VARCHAR" property="orderNo"/>
        <result column="third_order_no" jdbcType="VARCHAR" property="thirdOrderNo"/>
        <result column="session_id" jdbcType="VARCHAR" property="sessionId"/>
        <result column="round_id" jdbcType="VARCHAR" property="roundId"/>
        <result column="user_id" jdbcType="INTEGER" property="userId"/>
        <result column="operator_type" jdbcType="VARCHAR" property="operatorType"/>
        <result column="amount" jdbcType="DECIMAL" property="amount"/>
        <result column="game_name" jdbcType="VARCHAR" property="gameName"/>
        <result column="status" jdbcType="VARCHAR" property="status"/>
    </resultMap>

    <sql id="Order_Column_List">
        id,order_no, third_order_no, user_id, currency, round_id, game_name, amount, payout, multiplier, status, msg_state, created_at, settle_at, bet_type, settle_type, body, user_name, session_id, pid, region, usd_payout
    </sql>

    <sql id="Order_Report_Column_List">
        id,order_no, third_order_no, user_id, currency, round_id, game_name, amount, payout, multiplier, `status`, msg_state, created_at, settle_at, bet_type, settle_type, body, user_name, session_id, pid, region, usd_payout, game_result, effective_amount
    </sql>

    <insert id="add" parameterType="com.uponly.casino.admin.vo.OrderVO" useGeneratedKeys="true" keyProperty="id">
        insert into casino_order
        <trim prefix="(" suffix=")" suffixOverrides=",">
            <if test="order.orderNo != null">
                `order_no`,
            </if>
            <if test="order.thirdOrderNo != null">
                `third_order_no`,
            </if>
            <if test="order.userId != null">
                `user_id`,
            </if>
            <if test="order.userName != null">
                `user_name`,
            </if>
            <if test="order.amount != null">
                `amount`,
            </if>
            <if test="order.payout != null">
                `payout`,
            </if>
            <if test="order.multiplier != null">
                `multiplier`,
            </if>
            <if test="order.currency != null">
                `currency`,
            </if>
            <if test="order.status != null">
                `status`,
            </if>
            <if test="order.settleType != null">
                `settle_type`,
            </if>
            <if test="order.betType != null">
                `bet_type`,
            </if>
            <if test="order.msgState != null">
                `msg_state`,
            </if>
            <if test="order.body != null">
                `body`,
            </if>
            <if test="order.sessionId != null">
                `session_id`,
            </if>
            <if test="order.roundId != null">
                `round_id`,
            </if>
            <if test="order.pid != null">
                `pid`,
            </if>
            <if test="order.region != null">
                `region`,
            </if>
            <if test="order.gameName != null">
                `game_name`,
            </if>
        </trim>
        <trim prefix="values (" suffix=")" suffixOverrides=",">
            <if test="order.orderNo != null">
                #{order.orderNo},
            </if>
            <if test="order.thirdOrderNo != null">
                #{order.thirdOrderNo},
            </if>
            <if test="order.userId != null">
                #{order.userId},
            </if>
            <if test="order.userName != null">
                #{order.userName},
            </if>
            <if test="order.amount != null">
                #{order.amount},
            </if>
            <if test="order.payout != null">
                #{order.payout},
            </if>
            <if test="order.multiplier != null">
                #{order.multiplier},
            </if>
            <if test="order.currency != null">
                #{order.currency},
            </if>
            <if test="order.status != null">
                #{order.status},
            </if>
            <if test="order.settleType != null">
                #{order.settleType},
            </if>
            <if test="order.betType != null">
                #{order.betType},
            </if>
            <if test="order.msgState != null">
                #{order.msgState},
            </if>
            <if test="order.body != null">
                #{order.body},
            </if>
            <if test="order.sessionId != null">
                #{order.sessionId},
            </if>
            <if test="order.roundId != null">
                #{order.roundId},
            </if>
            <if test="order.pid != null">
                #{order.pid},
            </if>
            <if test="order.region != null">
                #{order.region},
            </if>
            <if test="order.gameName != null">
                #{order.gameName},
            </if>
        </trim>
    </insert>

    <insert id="addHistory" parameterType="com.uponly.casino.admin.vo.OrderHistoryVO" useGeneratedKeys="true"
            keyProperty="id">
        insert into casino_order_history
        <trim prefix="(" suffix=")" suffixOverrides=",">
            <if test="order.pid != null">
                `pid`,
            </if>
            <if test="order.orderNo != null">
                `order_no`,
            </if>
            <if test="order.thirdOrderNo != null">
                `third_order_no`,
            </if>
            <if test="order.sessionId != null">
                `session_id`,
            </if>
            <if test="order.roundId != null">
                `round_id`,
            </if>
            <if test="order.userId != null">
                `user_id`,
            </if>
            <if test="order.operatorType != null">
                `operator_type`,
            </if>
            <if test="order.amount != null">
                `amount`,
            </if>
            <if test="order.gameName != null">
                `game_name`,
            </if>
            <if test="order.status != null">
                `status`,
            </if>
            <if test="order.body != null">
                `body`,
            </if>
        </trim>
        <trim prefix="values (" suffix=")" suffixOverrides=",">
            <if test="order.pid != null">
                #{order.pid},
            </if>
            <if test="order.orderNo != null">
                #{order.orderNo},
            </if>
            <if test="order.thirdOrderNo != null">
                #{order.thirdOrderNo},
            </if>
            <if test="order.sessionId != null">
                #{order.sessionId},
            </if>
            <if test="order.roundId != null">
                #{order.roundId},
            </if>
            <if test="order.userId != null">
                #{order.userId},
            </if>
            <if test="order.operatorType != null">
                #{order.operatorType},
            </if>
            <if test="order.amount != null">
                #{order.amount},
            </if>
            <if test="order.gameName != null">
                #{order.gameName},
            </if>
            <if test="order.status != null">
                #{order.status},
            </if>
            <if test="order.body != null">
                #{order.body},
            </if>
        </trim>
    </insert>

    <select id="selectByUserIdAndSessionId" resultMap="OrderMap">
        select
        <include refid="Order_Column_List"/>
        from casino_order
        where user_id = #{userId,jdbcType=INTEGER} and session_id = #{sessionId,jdbcType=VARCHAR}
    </select>

    <select id="selectByOrderNo" parameterType="java.lang.String" resultMap="OrderMap">
        select
        <include refid="Order_Column_List"/>
        from casino_order
        where order_no = #{orderNo}
    </select>

    <select id="selectByPidAndThirdOrderNo" resultMap="OrderMap">
        select
        <include refid="Order_Column_List"/>
        from casino_order
        where pid = #{pid,jdbcType=INTEGER} and third_order_no = #{thirdOrderNo,jdbcType=VARCHAR}
    </select>
    <select id="searchOrder" resultType="com.uponly.casino.admin.vo.OrderVOBe">
        select
        co.id,
        co.order_no,
        co.user_id,
        co.currency,
        co.round_id,
        co.game_name,
        co.amount,
        co.effective_amount,
        co.payout,
        co.region,
        co.game_result,
        co.payout-co.amount as profit,
        ROUND(co.payout/co.amount,2) as multiplier,
        co.status,
        co.created_at,
        co.settle_at,
        co.bet_type,
        co.settle_type,
        co.user_name,
        co.session_id,
        cp.provider_name
        from casino_order co
        left join casino_provider cp on co.pid = cp.pid
        where 1=1
        <if test="orderNo != null">
            and co.order_no = #{orderNo}
        </if>
        <if test="thirdOrderNo != null">
            and co.third_order_no = #{thirdOrderNo}
        </if>
        <if test="userId != null">
            and co.user_id = #{userId}
        </if>
        <if test="userName != null">
            and co.user_name = #{userName}
        </if>

        <if test="regions!=null and regions != ''">
            AND co.region IN
            <foreach collection="regions" open="(" separator="," close=")" item="sortNum">
                #{sortNum}
            </foreach>
        </if>
        <if test="roundId != null">
            and co.round_id = #{roundId}
        </if>
        <if test="gameName != null">
            and co.game_name = #{gameName}
        </if>
        <if test="status != null">
            and co.status = #{status}
        </if>
        <if test="betTimeStart != null and betTimeEnd != null ">
            and co.created_at &gt;= #{betTimeStart}
            and co.created_at &lt;= #{betTimeEnd}
        </if>
        <if test="settleStart != null and settleEnd != null ">
            and co.settle_at &gt;= #{settleStart}
            and co.settle_at &lt;= #{settleEnd}
        </if>
        <if test="settleType != null">
            and co.settle_type = #{settleType}
        </if>

        <if test="methodOfAmount != null and amount != null">
            and co.amount ${methodOfAmount} #{amount}
        </if>

        <if test="methodOfPayout != null and payout != null">
            and co.payout ${methodOfPayout} #{payout}
        </if>

        <if test="providerName != null">
            and cp.provider_name = #{providerName}
        </if>

        order by co.created_at desc
    </select>
    <select id="searchTotal" resultType="com.uponly.casino.admin.vo.TotalAmountVO">
        select
        co.currency,
        ROUND(SUM(amount), 3) AS totalBetAmount,
        ROUND(SUM(payout), 3) AS totalPayout
        from casino_order co
        left join casino_provider cp on co.pid = cp.pid
        where 1=1
        <if test="orderNo != null">
            and co.order_no = #{orderNo}
        </if>
        <if test="thirdOrderNo != null">
            and co.third_order_no = #{thirdOrderNo}
        </if>
        <if test="userId != null">
            and co.user_id = #{userId}
        </if>
        <if test="userName != null">
            and co.user_name = #{userName}
        </if>

        <if test="regions!=null and regions != ''">
            AND co.region IN
            <foreach collection="regions" open="(" separator="," close=")" item="sortNum">
                #{sortNum}
            </foreach>
        </if>
        <if test="roundId != null">
            and co.round_id = #{roundId}
        </if>
        <if test="gameName != null">
            and co.game_name = #{gameName}
        </if>
        <if test="status != null">
            and co.status = #{status}
        </if>
        <if test="betTimeStart != null and betTimeEnd != null ">
            and co.created_at &gt;= #{betTimeStart}
            and co.created_at &lt;= #{betTimeEnd}
        </if>
        <if test="settleStart != null and settleEnd != null ">
            and co.settle_at &gt;= #{settleStart}
            and co.settle_at &lt;= #{settleEnd}
        </if>
        <if test="settleType != null">
            and co.settle_type = #{settleType}
        </if>
        GROUP BY
        co.currency;
    </select>


    <select id="selectBodyByOrderNo" resultType="java.lang.String">
        select body
        from casino_order
        where order_no = #{orderNo}
    </select>

    <update id="updateStatus">
        update casino_order
        set status = #{status,jdbcType=INTEGER}
        where order_no = #{orderNo,jdbcType=VARCHAR}
    </update>

    <update id="updatePayout" parameterType="com.uponly.casino.admin.vo.OrderVO">
        update casino_order
        set payout      = #{order.payout},
            settle_at   = #{order.settleAt},
            settle_type = #{order.settleType},
            status      = #{order.status},
            usd_payout      = #{order.usdPayout}
        where order_no = #{order.orderNo}
    </update>

    <update id="updatePayoutAmount" parameterType="com.uponly.casino.admin.vo.OrderVO">
        update casino_order
        set payout      =payout + #{order.payout},
        usd_payout      = usd_payout + #{order.usdPayout}
        where order_no = #{order.orderNo}
    </update>

    <update id="updateMsgState" parameterType="com.uponly.casino.admin.dto.UpdateMsgDTO">
        update casino_order
        <set>
            <if test="msgNumber != null">
                msg_state = msg_state | #{msgNumber},
            </if>
            <if test="effectiveAmount != null">
                effective_amount = #{effectiveAmount}
            </if>
        </set>
        where
        order_no = #{orderNo}
    </update>

    <select id="selectLiveBigWins" resultMap="OrderMap">
        select
        <include refid="Order_Column_List"/>
        from casino_order
        where payout &gt; 0 and status='003' and payout/amount &gt;= #{multiplier,jdbcType=DECIMAL}
        order by created_at desc
        limit 10
    </select>

    <select id="selectLiveBigWinsByCurrency" resultMap="OrderMap">
        select
        <include refid="Order_Column_List"/>
        from casino_order
        where payout &gt; 0 and status='003' and payout/amount &gt;= #{multiplier,jdbcType=DECIMAL}
        and created_at &gt;= #{createdAt,jdbcType=TIMESTAMP}
        group by currency
        order by created_at desc
        limit 30
    </select>
    <select id="searchOrderFe" parameterType="com.uponly.casino.portal.dto.SearchOrderFeDTO"
            resultType="com.uponly.casino.portal.vo.OrderVOFe">
        SELECT
        co.id,
        co.order_no,
        co.user_id,
        co.currency,
        co.amount,
        co.payout,
        co.status,
        co.created_at,
        co.settle_at,
        co.user_name,
        cp.provider_name
        FROM
        casino_order co
        LEFT JOIN
        casino_provider cp ON co.pid = cp.pid
        LEFT JOIN
        casino_game_original cgo ON co.game_name = cgo.game_name
        WHERE
        1=1
        <if test="userId != null">
            AND co.user_id = #{userId}
        </if>
        <if test="status != null">
            AND co.status = #{status}
        </if>
        <if test="pids != null and !pids.isEmpty()">
            AND co.pid IN
            <foreach collection="pids" item="id" separator="," open="(" close=")">
                #{id}
            </foreach>
        </if>
        ORDER BY
        co.created_at DESC
    </select>

    <select id="searchOrderByOrderNoList" parameterType="com.uponly.casino.portal.dto.SearchOrderFeDTO"
            resultType="com.uponly.casino.portal.vo.OrderVOFe">
        SELECT
        co.id,
        co.order_no,
        co.user_id,
        co.currency,
        co.amount,
        co.payout,
        co.status,
        co.created_at,
        co.settle_at,
        co.user_name,
        cp.provider_name
        FROM
        casino_order co
        LEFT JOIN
        casino_provider cp ON co.pid = cp.pid
        LEFT JOIN
        casino_game_original cgo ON co.game_name = cgo.game_name
        WHERE
        1=1
        <if test="orderNoList != null and orderNoList.size() > 0">
            AND co.order_no IN
            <foreach collection="orderNoList" item="orderNo" separator="," open="(" close=")">
                #{orderNo}
            </foreach>
        </if>

        <if test="pids != null and !pids.isEmpty()">
            AND co.pid IN
            <foreach collection="pids" item="id" separator="," open="(" close=")">
                #{id}
            </foreach>
        </if>
        ORDER BY
        co.created_at DESC
    </select>

    <select id="countUserBetCount" resultType="java.lang.Integer">
        select count(1)
        from casino_order
        where user_id = #{userId}
          and status = #{status}
    </select>

    <select id="countAllTotal" resultType="java.lang.Integer">
        select count(1)
        from casino_order
        where user_id = #{userId}
    </select>

    <select id="statisticsList" resultType="com.uponly.casino.portal.vo.StatisticsVO">
        select
        count(1) as betCount,
        ROUND(AVG(amount), 2) AS averageBetAmount,  -- 保留2位小数
        max(payout) as maxPayout,
        sum(payout) as totalPayout,
        sum(amount) as totalBetAmount,
        currency as currency,
        (SELECT count(o.payout) FROM casino_order o where o.payout >0 and o.user_id = #{userId}) as winCount
        from casino_order
        where user_id = #{userId}
    </select>
    <select id="searchRecentGames" resultType="com.uponly.casino.portal.vo.OrderVOFe">
        select
        co.user_id,
        co.currency,

        COALESCE(cgo.table_icon_edit, cgo.table_icon) AS table_icon_display,
        COALESCE(cgo.table_name_edit, cgo.table_name) AS table_name_display,
        co.game_name,
        MAX(co.settle_at) as maxSettleAt,
        SUM(co.payout) as totalPayout,
        co.user_name,
        cp.provider_name
        from casino_order co
        left join casino_provider cp on co.pid = cp.pid
        left join casino_game_original cgo on co.game_name = cgo.game_name
        where 1=1
        <if test="userId != null">
            and co.user_id = #{userId}
        </if>
        and co.payout > '0'
        group by co.game_name
        order by totalPayout desc
        limit 10
    </select>

    <select id="selectByUserIdAndRoundId" resultMap="OrderMap">
        select
        <include refid="Order_Column_List"/>
        from casino_order
        where user_id = #{userId,jdbcType=INTEGER} and round_id = #{gameId,jdbcType=VARCHAR}
    </select>

    <update id="updateBet" parameterType="com.uponly.casino.admin.vo.OrderVO">
        update casino_order
        set amount = amount + #{order.amount}
        where order_no = #{order.orderNo}
    </update>

    <select id="selectHistoryByUserIdAndSessionId" resultMap="OrderHistoryMap">
        select order_no, amount, status
        from casino_order_history
        where user_id = #{userId,jdbcType=INTEGER}
          and session_id = #{sessionId,jdbcType=VARCHAR}
          and operator_type = #{operatorType,jdbcType=VARCHAR}
        limit 1
    </select>

    <select id="selectTop30UsdPayout" resultMap="OrderMap">
        select
        <include refid="Order_Column_List"/>
        from casino_order
        where settle_at &gt;= #{settleAt,jdbcType=TIMESTAMP}
        order by usd_payout desc
        limit 30
    </select>
    <update id="updateBetResult" parameterType="com.uponly.casino.admin.vo.OrderVO">
        update casino_order
        set game_result = #{order.gameResult}
        where order_no = #{order.orderNo}
    </update>
    <update id="updateEffectiveAmount" parameterType="com.uponly.casino.admin.dto.UpdateEffectiveAmountDTO">
        update casino_order
        set effective_amount = #{effectiveAmount}
        where order_no = #{orderNo}
    </update>

    <select id="selectByTime" resultMap="OrderMap">
        select
        <include refid="Order_Column_List"/>
        from casino_order
        where created_at &gt;= #{startTime,jdbcType=TIMESTAMP}
        and created_at &lt;= #{endTime,jdbcType=TIMESTAMP}
    </select>

    <select id="selectOrderByReportState" resultMap="OrderMap">
        SELECT
        <include refid="Order_Report_Column_List"/>
        FROM casino_order
        WHERE created_at  <![CDATA[>=]]>   #{startTime}
        AND created_at <![CDATA[<=]]>  #{endTime}
        <if test="state != null">
            AND `status` = #{state}
        </if>
        AND (msg_state <![CDATA[ & ]]> #{msgState}) = 0
        ORDER BY created_at DESC
    </select>

    <select id="selectRebateSum" resultType="com.uponly.casino.admin.vo.RebateMsgVO">
        SELECT user_id     AS userId,
               currency,
               created_at  AS createTime,
               SUM(amount) AS betAmount,
               SUM(payout) AS winAmount
        FROM casino_order
        WHERE created_at  <![CDATA[>=]]> #{startTime}
          AND created_at <![CDATA[<=]]> #{endTime}
          AND status = 3
          AND (msg_state <![CDATA[ & ]]> #{msgState}) = 0
        GROUP BY user_id
    </select>

    <select id="selectByUserIdAndRoundIdAndThirdOrderNo" resultType="com.uponly.casino.admin.vo.OrderVO">
        select
        <include refid="Order_Column_List"/>
        from casino_order
        where user_id = #{userId,jdbcType=INTEGER}
        and round_id = #{gameId,jdbcType=VARCHAR}
        and third_order_no = #{thirdOrderNo,jdbcType=VARCHAR}
    </select>

    <update id="updateRebateState">
        UPDATE casino_order
        SET msg_state = msg_state | #{msgState}
        WHERE user_id = #{userId}
          AND created_at <![CDATA[>=]]> #{startTime}
          AND created_at <![CDATA[<]]> #{endTime}
    </update>
</mapper>