<?xml version="1.0" encoding="UTF-8"?>
<!DOCTYPE mapper PUBLIC "-//mybatis.org//DTD Mapper 3.0//EN" "http://mybatis.org/dtd/mybatis-3-mapper.dtd">


<mapper namespace="com.uponly.casino.mapper.ProviderMapper">



    <resultMap id="providerMap" type="com.uponly.casino.admin.vo.ProviderVO">

        <id property="pid" column="pid" jdbcType="INTEGER"  />
        <result property="sort" column="sort" jdbcType="TINYINT"/>
        <result property="region" column="region" jdbcType="VARCHAR"/>
        <result property="name" column="name" jdbcType="VARCHAR"/>
        <result property="providerName" column="provider_name" jdbcType="VARCHAR"/>
        <result property="portalDisplayName" column="portal_display_name" jdbcType="VARCHAR"/>
        <result property="providerIcon" column="provider_icon" jdbcType="VARCHAR"/>
        <result property="createTime" column="create_time" jdbcType="TIMESTAMP"/>
        <result property="creator" column="creator" jdbcType="VARCHAR"/>
        <result property="status" column="status" jdbcType="TINYINT"/>
        <result property="privateKey" column="private_key" jdbcType="VARCHAR"/>
        <result property="backUrl" column="back_url" jdbcType="VARCHAR"/>
        <result property="isComming" column="is_comming" jdbcType="INTEGER"/>

    </resultMap>

    <insert id="add" parameterType="com.uponly.casino.admin.dto.AddProviderDTO" useGeneratedKeys="true" keyProperty="pid">
        INSERT INTO casino_provider (sort,region,name,provider_name,portal_display_name,provider_icon,creator,status,is_comming)
        VALUES(#{sort},#{region},#{providerName},#{providerName},#{portalDisplayName},#{providerIcon},#{creator},#{status},#{isComming})

    </insert>

    <update id="update"  parameterType="com.uponly.casino.admin.dto.UpdateProviderDTO">
        UPDATE casino_provider
        <set>
            sort = #{sort},
            region = #{region},
            provider_name = #{providerName},
            portal_display_name = #{portalDisplayName},
            provider_icon = #{providerIcon},
            status = #{status},
            is_comming = #{isComming}
        </set>
        WHERE pid = #{pid}

    </update>

    <delete id="delete" parameterType="com.uponly.casino.admin.dto.DeleteProviderDTO">
        DELETE FROM casino_provider
        WHERE pid = #{pid}
    </delete>

    <select id="search" resultMap="providerMap" parameterType="com.uponly.casino.admin.dto.SearchProviderDTO">
        SELECT cp.pid,cp.sort,cp.region,cp.provider_icon,cp.provider_name,cp.portal_display_name,
               cp.create_time,cp.creator,cp.status,cp.is_comming,cp.back_url,cp.config,cp.name
        FROM casino_provider cp
        <where>
            <if test="region != null and region != ''">
                AND JSON_CONTAINS(cp.region, #{region})
            </if>
            <if test="providerName != null and providerName != ''">
                AND cp.provider_name = #{providerName}
            </if>
            <if test="portalDisplayName != null and providerDisplayName != ''">
                AND cp.portal_display_name = #{portalDisplayName}
            </if>
            <if test="status != null">
                AND cp.status = #{status}
            </if>
            <if test="isComming != null">
                AND cp.is_comming = #{isComming}
            </if>

        </where>
    </select>

    <select id="get" resultMap="providerMap" parameterType="com.uponly.casino.admin.vo.ProviderVO">
        SELECT cp.pid,cp.private_key
        FROM casino_provider cp
        <where>

            <if test="pid != null and pid != ''">
                AND cp.pid = #{pid}
            </if>

        </where>


    </select>
    <select id="maxSort" resultType="java.lang.Integer">
        SELECT MAX(sort) FROM casino_provider
    </select>

    <select id="providers" resultType="com.uponly.casino.admin.vo.ProviderVO">
        SELECT cp.pid,cp.name,cp.provider_icon,cp.region,sort,cp.private_key,cp.back_url,cp.private_key,cp.config,cp.provider_name
        FROM casino_provider cp
        WHERE cp.status = 1
        ORDER BY cp.sort
    </select>

    <select id="providersWithGameCount" resultType="com.uponly.casino.admin.vo.ProviderVO">
        SELECT cp.pid,
               cp.provider_name,
               cp.portal_display_name,
               cp.provider_icon,
               cp.region,
               cp.sort,
               cp.is_comming,
               /*cp.private_key,
               cp.back_url,
               cp.private_key,
               cp.config,*/
            COUNT(ce.ename) AS entranceCount
        FROM casino_provider cp
            LEFT JOIN casino_game_entrance ce ON cp.pid = ce.pid
        WHERE cp.status = 1
        GROUP BY cp.pid
        ORDER BY cp.sort
    </select>

</mapper>


