<?xml version="1.0" encoding="UTF-8"?>
<!DOCTYPE mapper PUBLIC "-//mybatis.org//DTD Mapper 3.0//EN" "http://mybatis.org/dtd/mybatis-3-mapper.dtd">


<mapper namespace="com.uponly.casino.mapper.RecommendMapper">


    <resultMap id="gameMap" type="com.uponly.casino.admin.vo.RecommendGameVO">

        <id property="id" column="id" jdbcType="INTEGER"  />
        <result property="eid" column="eid" jdbcType="INTEGER"/>
        <result property="start" column="start" jdbcType="TIMESTAMP"/>
        <result property="end" column="end" jdbcType="TIMESTAMP"/>
        <result property="createTime" column="create_time" jdbcType="TIMESTAMP"/>

        <result property="providerName" column="provider_name" jdbcType="VARCHAR"/>
        <result property="creator" column="creator" jdbcType="VARCHAR"/>
        <result property="status" column="status" jdbcType="TINYINT"/>
        <result property="sort" column="sort" jdbcType="TINYINT"/>
        <result property="region" column="region" jdbcType="VARCHAR"/>

        <result property="timeLimit" column="time_limit" jdbcType="INTEGER"/>
        <result property="ename" column="ename" jdbcType="VARCHAR"/>
        <result property="icon" column="icon" jdbcType="VARCHAR"/>

    </resultMap>


    <insert id="addRecommendGame" parameterType="com.uponly.casino.admin.dto.RecommendDTO" useGeneratedKeys="true" keyProperty="id">
        INSERT INTO casino_recommend (eid, start, end, creator, status, sort, region, time_limit)
        VALUES
        <trim prefix="(" suffix=")">
            #{eid}, #{start}, #{end}, #{creator}, #{status}, #{sort}, #{region}, #{timeLimit}
        </trim>
    </insert>



    <update id="update" parameterType="com.uponly.casino.admin.dto.RecommendDTO" useGeneratedKeys="true" keyProperty="id">
        UPDATE casino_recommend
        <set>
            <if test="start != null and start != ''">
                start = #{start},
            </if>
            <if test="end != null and end != ''">
                end = #{end},
            </if>
            <if test="creator != null and creator != ''">
                creator = #{creator},
            </if>
            <if test="status != null">
                status = #{status},
            </if>
            <if test="sort != null and sort != 0">
                sort = #{sort},
            </if>
            <if test="region != null and region != ''">
                region = #{region},
            </if>
            <if test="timeLimit != null and timeLimit != 0">
                time_limit = #{timeLimit},
            </if>
        </set>
        WHERE id = #{id}
    </update>

    <delete id="deleteRecommend">
        DELETE FROM casino_recommend WHERE eid = #{eid}
    </delete>


    <select id="searchRecommendGame" resultMap="gameMap" parameterType="com.uponly.casino.admin.dto.SearchRecommendDTO">
        SELECT
        cr.id,
        ce.eid,
        cr.start,
        cr.end,
        cr.create_time,
        cp.provider_name,
        cr.creator,
        cr.status,
        cr.sort,
        cr.region,
        cr.time_limit,
        ce.ename,
        ce.icon
        FROM casino_recommend cr
        JOIN casino_game_entrance ce ON cr.eid = ce.eid
        JOIN casino_provider cp ON ce.pid = cp.pid
        <where>
            <if test="region != null and region != ''">
                AND JSON_CONTAINS(cr.region, #{region})
            </if>
            <if test="status != null">
                AND cr.status = #{status}
            </if>
            <if test="start != null and start != ''">
                AND cr.start = #{start}
            </if>
            <if test="end != null and end != ''">
                AND cr.end = #{end}
            </if>
            <if test="providerName != null and providerName != ''">
                AND cp.provider_name = #{providerName}
            </if>
            <if test="eid != null and eid != ''">
                AND ce.eid = #{eid}
            </if>
            <if test="ename != null and ename != ''">
                AND ce.ename = #{ename}
            </if>
        </where>
        ORDER BY cr.sort ASC

    </select>

    <select id="maxSort" resultType="java.lang.Integer">
        SELECT MAX(sort) FROM casino_recommend
    </select>


</mapper>


