<?xml version="1.0" encoding="UTF-8"?>
<!DOCTYPE mapper PUBLIC "-//mybatis.org//DTD Mapper 3.0//EN" "http://mybatis.org/dtd/mybatis-3-mapper.dtd">
<mapper namespace="com.uponly.casino.mapper.CasinoBannerMapper">
    <resultMap id="BaseResultMap" type="com.uponly.casino.admin.vo.CasinoBanner">
        <id column="id" jdbcType="BIGINT" property="id"/>
        <result column="sort" jdbcType="TINYINT" property="sort"/>
        <result column="banner_name" jdbcType="VARCHAR" property="bannerName"/>
        <result column="platform_type" jdbcType="VARCHAR" property="platformType"/>
        <result column="provider" jdbcType="VARCHAR" property="provider"/>
        <result column="picture_url" jdbcType="VARCHAR" property="pictureUrl"/>
        <result column="start_time" jdbcType="TIMESTAMP" property="startTime"/>
        <result column="end_time" jdbcType="TIMESTAMP" property="endTime"/>
        <result column="redirect_url" jdbcType="VARCHAR" property="redirectUrl"/>
        <result column="founder" jdbcType="VARCHAR" property="founder"/>
        <result column="remark" jdbcType="VARCHAR" property="remark"/>
        <result column="status" jdbcType="TINYINT" property="status"/>
        <result column="create_time" jdbcType="TIMESTAMP" property="createTime"/>
        <result column="update_time" jdbcType="TIMESTAMP" property="updateTime"/>
        <result column="location" jdbcType="TINYINT" property="location"/>
        <result column="locale" jdbcType="VARCHAR" property="locale"/>
    </resultMap>


    <sql id="Base_Column_List">
        `id`, `sort`, `banner_name`, `platform_type`, `provider`, `picture_url`, `start_time`,
        `end_time`, `redirect_url`, `founder`, `remark`, `status`, `create_time`, `update_time`,`location`,`locale`
    </sql>

    <select id="selectByPrimaryKey" parameterType="java.lang.Long" resultMap="BaseResultMap">
        <!--
          WARNING - @mbg.generated
          This element is automatically generated by MyBatis Generator, do not modify.
          This element was generated on Wed Jan 24 02:27:54 UTC 2024.
        -->
        select
        <include refid="Base_Column_List"/>
        from casino_banner
        where `id` = #{id,jdbcType=BIGINT}
    </select>

    <select id="queryBanner" resultMap="BaseResultMap">
        select
        <include refid="Base_Column_List"/>
        from casino_banner
        <where>
            <if test="id != null">
                and id = #{id}
            </if>
            <if test="sort != null">
                and sort = #{sort}
            </if>
            <if test="bannerName != null and bannerName != ''">
                AND `banner_name` LIKE CONCAT('%',#{bannerName},'%')
            </if>
            <if test="platformType != null and platformType != ''">
                and platform_type = #{platformType}
            </if>
            <if test="provider != null and provider != ''">
                AND `provider` LIKE CONCAT('%',#{provider},'%')
            </if>
            <if test="pictureUrl != null and pictureUrl != ''">
                and picture_url = #{pictureUrl}
            </if>
            <if test="startTime != null">
                and start_time = #{startTime}
            </if>
            <if test="endTime != null">
                and end_time = #{endTime}
            </if>
            <if test="redirectUrl != null and redirectUrl != ''">
                and redirect_url = #{redirectUrl}
            </if>
            <if test="founder != null and founder != ''">
                and founder = #{founder}
            </if>
            <if test="remark != null and remark != ''">
                and remark = #{remark}
            </if>
            <if test="status != null">
                and status = #{status}
            </if>
            <if test="createTime != null">
                and create_time = #{createTime}
            </if>
            <if test="updateTime != null">
                and update_time = #{updateTime}
            </if>
            <if test="updateBy != null and updateBy != ''">
                and update_by = #{updateBy}
            </if>
            <if test="locale != null and locale != ''">
                and locale = #{locale}
            </if>
            <if test="location != null">
                and location = #{location}
            </if>
        </where>
    </select>

    <select id="querySort" resultType="java.lang.Integer">

        SELECT sort FROM casino_banner
        <where>
            sort IN
            <foreach collection="sortList" open="(" separator="," close=")" item="sortNum">
                #{sortNum}
            </foreach>
        </where>

    </select>

    <select id="refreshCache" resultMap="BaseResultMap">
        SELECT
        <include refid="Base_Column_List"/>
        FROM casino_banner
        WHERE status = 1 ORDER BY sort ASC

    </select>



    <select id="getMaxSort" resultType="java.lang.Integer">
        SELECT IFNULL(sort, 0) FROM casino_banner ORDER BY sort DESC LIMIT 1
    </select>


    <delete id="deleteById">
        delete from casino_banner
        where `id` = #{id,jdbcType=BIGINT}
    </delete>

    <insert id="insert" parameterType="com.uponly.casino.admin.vo.CasinoBanner">
        <!--
          WARNING - @mbg.generated
          This element is automatically generated by MyBatis Generator, do not modify.
          This element was generated on Wed Jan 24 02:27:54 UTC 2024.
        -->
        insert into casino_banner (`id`, `sort`, `banner_name`,
        `platform_type`, `provider`, `picture_url`,
        `start_time`, `end_time`, `redirect_url`,
        `founder`, `remark`, `status`,
        `create_time`, `update_time`)
        values (#{id,jdbcType=BIGINT}, #{sort,jdbcType=TINYINT}, #{bannerName,jdbcType=VARCHAR},
        #{platformType,jdbcType=VARCHAR}, #{provider,jdbcType=VARCHAR}, #{pictureUrl,jdbcType=VARCHAR},
        #{startTime,jdbcType=TIMESTAMP}, #{endTime,jdbcType=TIMESTAMP}, #{redirectUrl,jdbcType=VARCHAR},
        #{founder,jdbcType=VARCHAR}, #{remark,jdbcType=VARCHAR}, #{status,jdbcType=TINYINT},
        #{createTime,jdbcType=TIMESTAMP}, #{updateTime,jdbcType=TIMESTAMP})
    </insert>
    <insert id="insertSelective" parameterType="com.uponly.casino.admin.vo.CasinoBanner">
        insert into casino_banner
        <trim prefix="(" suffix=")" suffixOverrides=",">
            <if test="id != null">
                `id`,
            </if>
            <if test="sort != null">
                `sort`,
            </if>
            <if test="bannerName != null">
                `banner_name`,
            </if>
            <if test="platformType != null">
                `platform_type`,
            </if>
            <if test="provider != null">
                `provider`,
            </if>
            <if test="pictureUrl != null">
                `picture_url`,
            </if>
            <if test="startTime != null">
                `start_time`,
            </if>
            <if test="endTime != null">
                `end_time`,
            </if>
            <if test="redirectUrl != null">
                `redirect_url`,
            </if>
            <if test="founder != null">
                `founder`,
            </if>
            <if test="remark != null">
                `remark`,
            </if>
            <if test="status != null">
                `status`,
            </if>
            <if test="locale != null">
                `locale`,
            </if>
            <if test="location != null">
                `location`,
            </if>
        </trim>
        <trim prefix="values (" suffix=")" suffixOverrides=",">
            <if test="id != null">
                #{id,jdbcType=BIGINT},
            </if>
            <if test="sort != null">
                #{sort,jdbcType=TINYINT},
            </if>
            <if test="bannerName != null">
                #{bannerName,jdbcType=VARCHAR},
            </if>
            <if test="platformType != null">
                #{platformType,jdbcType=VARCHAR},
            </if>
            <if test="provider != null">
                #{provider,jdbcType=VARCHAR},
            </if>
            <if test="pictureUrl != null">
                #{pictureUrl,jdbcType=VARCHAR},
            </if>
            <if test="startTime != null">
                #{startTime,jdbcType=TIMESTAMP},
            </if>
            <if test="endTime != null">
                #{endTime,jdbcType=TIMESTAMP},
            </if>
            <if test="redirectUrl != null">
                #{redirectUrl,jdbcType=VARCHAR},
            </if>
            <if test="founder != null">
                #{founder,jdbcType=VARCHAR},
            </if>
            <if test="remark != null">
                #{remark,jdbcType=VARCHAR},
            </if>
            <if test="status != null">
                #{status,jdbcType=TINYINT},
            </if>
            <if test="locale != null">
                #{locale,jdbcType=VARCHAR},
            </if>
            <if test="location != null">
                #{location,jdbcType=TINYINT},
            </if>
        </trim>
    </insert>


    <update id="updateByPrimaryKeySelective" parameterType="com.uponly.casino.admin.vo.CasinoBanner">
        <!--
          WARNING - @mbg.generated
          This element is automatically generated by MyBatis Generator, do not modify.
          This element was generated on Wed Jan 24 02:27:54 UTC 2024.
        -->
        update casino_banner
        <set>
            <if test="sort != null">
                `sort` = #{sort,jdbcType=TINYINT},
            </if>
            <if test="bannerName != null">
                `banner_name` = #{bannerName,jdbcType=VARCHAR},
            </if>
            <if test="platformType != null">
                `platform_type` = #{platformType,jdbcType=VARCHAR},
            </if>
            <if test="provider != null">
                `provider` = #{provider,jdbcType=VARCHAR},
            </if>
            <if test="pictureUrl != null">
                `picture_url` = #{pictureUrl,jdbcType=VARCHAR},
            </if>
            <if test="startTime != null">
                `start_time` = #{startTime,jdbcType=TIMESTAMP},
            </if>
            <if test="endTime != null">
                `end_time` = #{endTime,jdbcType=TIMESTAMP},
            </if>
            <if test="redirectUrl != null">
                `redirect_url` = #{redirectUrl,jdbcType=VARCHAR},
            </if>
            <if test="founder != null">
                `founder` = #{founder,jdbcType=VARCHAR},
            </if>
            <if test="remark != null">
                `remark` = #{remark,jdbcType=VARCHAR},
            </if>
            <if test="status != null">
                `status` = #{status,jdbcType=TINYINT},
            </if>
            <if test="locale != null">
                `locale` = #{locale,jdbcType=TINYINT},
            </if>
            <if test="location != null">
                `location` = #{location,jdbcType=VARCHAR},
            </if>
        </set>
        where `id` = #{id,jdbcType=BIGINT}
    </update>
    <update id="updateByPrimaryKey" parameterType="com.uponly.casino.admin.vo.CasinoBanner">
        <!--
          WARNING - @mbg.generated
          This element is automatically generated by MyBatis Generator, do not modify.
          This element was generated on Wed Jan 24 02:27:54 UTC 2024.
        -->
        update casino_banner
        set `sort` = #{sort,jdbcType=TINYINT},
        `banner_name` = #{bannerName,jdbcType=VARCHAR},
        `platform_type` = #{platformType,jdbcType=VARCHAR},
        `provider` = #{provider,jdbcType=VARCHAR},
        `picture_url` = #{pictureUrl,jdbcType=VARCHAR},
        `start_time` = #{startTime,jdbcType=TIMESTAMP},
        `end_time` = #{endTime,jdbcType=TIMESTAMP},
        `redirect_url` = #{redirectUrl,jdbcType=VARCHAR},
        `founder` = #{founder,jdbcType=VARCHAR},
        `remark` = #{remark,jdbcType=VARCHAR},
        `status` = #{status,jdbcType=TINYINT},
        `create_time` = #{createTime,jdbcType=TIMESTAMP},
        `update_time` = #{updateTime,jdbcType=TIMESTAMP}
        where `id` = #{id,jdbcType=BIGINT}
    </update>

    <update id="updateSort">

        UPDATE casino_banner SET `sort` = #{sort,jdbcType=TINYINT} WHERE id = #{id,jdbcType=BIGINT}

    </update>
</mapper>